{
  "info": {
    "title": "Peatio Management API v2",
    "description": "Management API is server-to-server API with high privileges.",
    "contact": {
      "name": "openware.com",
      "email": "hello@openware.com",
      "url": "https://www.openware.com"
    },
    "license": {
      "url": "https://github.com/openware/peatio/blob/master/LICENSE.md"
    },
    "version": "2.6.0"
  },
  "swagger": "2.0",
  "produces": [
    "application/json"
  ],
  "host": "localhost:3000",
  "basePath": "/api/v2/management/peatio",
  "tags": [
    {
      "name": "api",
      "description": "Operations about apis"
    }
  ],
  "paths": {
    "/api/v2/management/peatio/beneficiaries": {
      "post": {
        "description": "Create new beneficiary",
        "produces": [
          "application/json"
        ],
        "consumes": [
          "application/json"
        ],
        "parameters": [
          {
            "in": "formData",
            "name": "currency",
            "description": "Beneficiary currency code.",
            "type": "string",
            "enum": [
              "btc",
              "eth",
              "trst",
              "usd",
              "BTC",
              "ETH",
              "TRST",
              "USD"
            ],
            "required": true
          },
          {
            "in": "formData",
            "name": "name",
            "description": "Human rememberable name which refer beneficiary.",
            "type": "string",
            "required": true
          },
          {
            "in": "formData",
            "name": "description",
            "description": "Human rememberable description which refer beneficiary.",
            "type": "string",
            "required": false
          },
          {
            "in": "formData",
            "name": "data",
            "description": "Beneficiary data in JSON format",
            "type": "json",
            "required": true
          },
          {
            "in": "formData",
            "name": "uid",
            "description": "The shared user ID.",
            "type": "string",
            "required": true
          },
          {
            "in": "formData",
            "name": "state",
            "description": "Defines either beneficiary active - user can use it to withdraw moneyor pending - requires beneficiary activation with pin.",
            "type": "string",
            "enum": [
              "pending",
              "active"
            ],
            "required": false
          }
        ],
        "responses": {
          "201": {
            "description": "Create new beneficiary",
            "schema": {
              "$ref": "#/definitions/Beneficiary"
            }
          }
        },
        "tags": [
          "api"
        ],
        "operationId": "postApiV2ManagementPeatioBeneficiaries"
      }
    },
    "/api/v2/management/peatio/beneficiaries/list": {
      "post": {
        "description": "Get list of user beneficiaries",
        "produces": [
          "application/json"
        ],
        "consumes": [
          "application/json"
        ],
        "parameters": [
          {
            "in": "formData",
            "name": "uid",
            "description": "The shared user ID.",
            "type": "string",
            "required": true
          },
          {
            "in": "formData",
            "name": "currency",
            "description": "Beneficiary currency code.",
            "type": "string",
            "enum": [
              "btc",
              "eth",
              "trst",
              "usd",
              "BTC",
              "ETH",
              "TRST",
              "USD"
            ],
            "required": false
          },
          {
            "in": "formData",
            "name": "state",
            "description": "Defines either beneficiary active - user can use it to withdraw moneyor pending - requires beneficiary activation with pin.",
            "type": "string",
            "enum": [
              "pending",
              "active"
            ],
            "required": false
          }
        ],
        "responses": {
          "201": {
            "description": "Get list of user beneficiaries",
            "schema": {
              "$ref": "#/definitions/Beneficiary"
            }
          }
        },
        "tags": [
          "api"
        ],
        "operationId": "postApiV2ManagementPeatioBeneficiariesList"
      }
    },
    "/api/v2/management/peatio/accounts/balances": {
      "post": {
        "description": "Queries the non-zero balance accounts for the given currency.",
        "produces": [
          "application/json"
        ],
        "consumes": [
          "application/json"
        ],
        "parameters": [
          {
            "in": "formData",
            "name": "currency",
            "description": "The currency code.",
            "type": "string",
            "enum": [
              "btc",
              "eth",
              "trst",
              "usd",
              "BTC",
              "ETH",
              "TRST",
              "USD"
            ],
            "required": true
          },
          {
            "in": "formData",
            "name": "page",
            "description": "The page number (defaults to 1).",
            "type": "integer",
            "format": "int32",
            "default": 1,
            "required": false
          },
          {
            "in": "formData",
            "name": "limit",
            "description": "The number of accounts per page (defaults to 100, maximum is 1000).",
            "type": "integer",
            "format": "int32",
            "default": 1000,
            "required": false
          }
        ],
        "responses": {
          "201": {
            "description": "Queries the non-zero balance accounts for the given currency.",
            "schema": {
              "$ref": "#/definitions/Balance"
            }
          }
        },
        "tags": [
          "api"
        ],
        "operationId": "postApiV2ManagementPeatioAccountsBalances"
      }
    },
    "/api/v2/management/peatio/accounts/balance": {
      "post": {
        "description": "Queries the account balance for the given UID and currency.",
        "produces": [
          "application/json"
        ],
        "consumes": [
          "application/json"
        ],
        "parameters": [
          {
            "in": "formData",
            "name": "uid",
            "description": "The shared user ID.",
            "type": "string",
            "required": true
          },
          {
            "in": "formData",
            "name": "currency",
            "description": "The currency code.",
            "type": "string",
            "enum": [
              "btc",
              "eth",
              "trst",
              "usd",
              "BTC",
              "ETH",
              "TRST",
              "USD"
            ],
            "required": true
          }
        ],
        "responses": {
          "201": {
            "description": "Queries the account balance for the given UID and currency.",
            "schema": {
              "$ref": "#/definitions/Balance"
            }
          }
        },
        "tags": [
          "api"
        ],
        "operationId": "postApiV2ManagementPeatioAccountsBalance"
      }
    },
    "/api/v2/management/peatio/deposits/state": {
      "put": {
        "description": "Allows to load money or cancel deposit.",
        "produces": [
          "application/json"
        ],
        "consumes": [
          "application/json"
        ],
        "parameters": [
          {
            "in": "formData",
            "name": "tid",
            "description": "The shared transaction ID.",
            "type": "string",
            "required": true
          },
          {
            "in": "formData",
            "name": "state",
            "description": "The new state to apply.",
            "type": "string",
            "enum": [
              "canceled",
              "accepted"
            ],
            "required": true
          }
        ],
        "responses": {
          "200": {
            "description": "Allows to load money or cancel deposit.",
            "schema": {
              "$ref": "#/definitions/Deposit"
            }
          }
        },
        "tags": [
          "api"
        ],
        "operationId": "putApiV2ManagementPeatioDepositsState"
      }
    },
    "/api/v2/management/peatio/deposits/new": {
      "post": {
        "description": "Creates new fiat deposit with state set to «submitted». Optionally pass field «state» set to «accepted» if want to load money instantly. You can also use PUT /fiat_deposits/:id later to load money or cancel deposit.",
        "produces": [
          "application/json"
        ],
        "consumes": [
          "application/json"
        ],
        "parameters": [
          {
            "in": "formData",
            "name": "uid",
            "description": "The shared user ID.",
            "type": "string",
            "required": true
          },
          {
            "in": "formData",
            "name": "tid",
            "description": "The shared transaction ID. Must not exceed 64 characters. Peatio will generate one automatically unless supplied.",
            "type": "string",
            "required": false
          },
          {
            "in": "formData",
            "name": "currency",
            "description": "The currency code.",
            "type": "string",
            "enum": [
              "usd",
              "USD"
            ],
            "required": true
          },
          {
            "in": "formData",
            "name": "amount",
            "description": "The deposit amount.",
            "type": "number",
            "format": "double",
            "required": true
          },
          {
            "in": "formData",
            "name": "state",
            "description": "The state of deposit.",
            "type": "string",
            "enum": [
              "accepted"
            ],
            "required": false
          },
          {
            "in": "formData",
            "name": "transfer_type",
            "description": "Deposit transfer type",
            "type": "string",
            "enum": [
              "fiat",
              "crypto"
            ],
            "required": false
          }
        ],
        "responses": {
          "201": {
            "description": "Creates new fiat deposit with state set to «submitted». Optionally pass field «state» set to «accepted» if want to load money instantly. You can also use PUT /fiat_deposits/:id later to load money or cancel deposit.",
            "schema": {
              "$ref": "#/definitions/Deposit"
            }
          }
        },
        "tags": [
          "api"
        ],
        "operationId": "postApiV2ManagementPeatioDepositsNew"
      }
    },
    "/api/v2/management/peatio/deposits/get": {
      "post": {
        "description": "Returns deposit by TID.",
        "produces": [
          "application/json"
        ],
        "consumes": [
          "application/json"
        ],
        "parameters": [
          {
            "in": "formData",
            "name": "tid",
            "description": "The transaction ID.",
            "type": "string",
            "required": true
          }
        ],
        "responses": {
          "201": {
            "description": "Returns deposit by TID.",
            "schema": {
              "$ref": "#/definitions/Deposit"
            }
          }
        },
        "tags": [
          "api"
        ],
        "operationId": "postApiV2ManagementPeatioDepositsGet"
      }
    },
    "/api/v2/management/peatio/deposits": {
      "post": {
        "description": "Returns deposits as paginated collection.",
        "produces": [
          "application/json"
        ],
        "consumes": [
          "application/json"
        ],
        "parameters": [
          {
            "in": "formData",
            "name": "uid",
            "description": "The shared user ID.",
            "type": "string",
            "required": false
          },
          {
            "in": "formData",
            "name": "currency",
            "description": "The currency code.",
            "type": "string",
            "enum": [
              "btc",
              "eth",
              "trst",
              "usd",
              "BTC",
              "ETH",
              "TRST",
              "USD"
            ],
            "required": false
          },
          {
            "in": "formData",
            "name": "page",
            "description": "The page number (defaults to 1).",
            "type": "integer",
            "format": "int32",
            "default": 1,
            "required": false
          },
          {
            "in": "formData",
            "name": "limit",
            "description": "The number of deposits per page (defaults to 100, maximum is 1000).",
            "type": "integer",
            "format": "int32",
            "default": 100,
            "required": false
          },
          {
            "in": "formData",
            "name": "state",
            "description": "The state to filter by.",
            "type": "string",
            "enum": [
              "submitted",
              "canceled",
              "rejected",
              "accepted",
              "aml_processing",
              "aml_suspicious",
              "processing",
              "skipped",
              "collected",
              "fee_processing"
            ],
            "required": false
          }
        ],
        "responses": {
          "201": {
            "description": "Returns deposits as paginated collection.",
            "schema": {
              "$ref": "#/definitions/Deposit"
            }
          }
        },
        "tags": [
          "api"
        ],
        "operationId": "postApiV2ManagementPeatioDeposits"
      }
    },
    "/api/v2/management/peatio/withdraws/action": {
      "put": {
        "summary": "Performs action on withdraw.",
        "description": "«process» – system will lock the money, check for suspected activity, validate recipient address, and initiate the processing of the withdraw. «cancel»  – system will mark withdraw as «canceled», and unlock the money.",
        "produces": [
          "application/json"
        ],
        "consumes": [
          "application/json"
        ],
        "parameters": [
          {
            "in": "formData",
            "name": "tid",
            "description": "The shared transaction ID.",
            "type": "string",
            "required": true
          },
          {
            "in": "formData",
            "name": "action",
            "description": "The action to perform.",
            "type": "string",
            "enum": [
              "process",
              "cancel"
            ],
            "required": true
          }
        ],
        "responses": {
          "200": {
            "description": "Performs action on withdraw.",
            "schema": {
              "$ref": "#/definitions/Withdraw"
            }
          }
        },
        "tags": [
          "api"
        ],
        "operationId": "putApiV2ManagementPeatioWithdrawsAction"
      }
    },
    "/api/v2/management/peatio/withdraws/new": {
      "post": {
        "summary": "Creates new withdraw.",
        "description": "Creates new withdraw. The behaviours for fiat and crypto withdraws are different. Fiat: money are immediately locked, withdraw state is set to «submitted», system workers will validate withdraw later against suspected activity, and assign state to «rejected» or «accepted». The processing will not begin automatically. The processing may be initiated manually from admin panel or by PUT /management_api/v1/withdraws/action. Coin: money are immediately locked, withdraw state is set to «submitted», system workers will validate withdraw later against suspected activity, validate withdraw address and set state to «rejected» or «accepted». Then in case state is «accepted» withdraw workers will perform interactions with blockchain. The withdraw receives new state «processing». Then withdraw receives state either «confirming» or «failed».Then in case state is «confirming» withdraw confirmations workers will perform interactions with blockchain.Withdraw receives state «succeed» when it receives minimum necessary amount of confirmations.",
        "produces": [
          "application/json"
        ],
        "consumes": [
          "application/json"
        ],
        "parameters": [
          {
            "in": "formData",
            "name": "uid",
            "description": "The shared user ID.",
            "type": "string",
            "required": true
          },
          {
            "in": "formData",
            "name": "tid",
            "description": "The shared transaction ID. Must not exceed 64 characters. Peatio will generate one automatically unless supplied.",
            "type": "string",
            "required": false
          },
          {
            "in": "formData",
            "name": "rid",
            "description": "The beneficiary ID or wallet address on the Blockchain.",
            "type": "string",
            "required": false
          },
          {
            "in": "formData",
            "name": "beneficiary_id",
            "description": "ID of Active Beneficiary belonging to user.",
            "type": "string",
            "required": false
          },
          {
            "in": "formData",
            "name": "currency",
            "description": "The currency code.",
            "type": "string",
            "enum": [
              "btc",
              "eth",
              "trst",
              "usd",
              "BTC",
              "ETH",
              "TRST",
              "USD"
            ],
            "required": true
          },
          {
            "in": "formData",
            "name": "amount",
            "description": "The amount to withdraw.",
            "type": "number",
            "format": "double",
            "required": true
          },
          {
            "in": "formData",
            "name": "note",
            "description": "The note for withdraw.",
            "type": "string",
            "required": false
          },
          {
            "in": "formData",
            "name": "action",
            "description": "The action to perform.",
            "type": "string",
            "enum": [
              "process"
            ],
            "required": false
          },
          {
            "in": "formData",
            "name": "transfer_type",
            "description": "Withdraw transfer type",
            "type": "string",
            "enum": [
              "fiat",
              "crypto"
            ],
            "required": false
          }
        ],
        "responses": {
          "201": {
            "description": "Creates new withdraw.",
            "schema": {
              "$ref": "#/definitions/Withdraw"
            }
          }
        },
        "tags": [
          "api"
        ],
        "operationId": "postApiV2ManagementPeatioWithdrawsNew"
      }
    },
    "/api/v2/management/peatio/withdraws/get": {
      "post": {
        "description": "Returns withdraw by ID.",
        "produces": [
          "application/json"
        ],
        "consumes": [
          "application/json"
        ],
        "parameters": [
          {
            "in": "formData",
            "name": "tid",
            "description": "The shared transaction ID.",
            "type": "string",
            "required": true
          }
        ],
        "responses": {
          "201": {
            "description": "Returns withdraw by ID.",
            "schema": {
              "$ref": "#/definitions/Withdraw"
            }
          }
        },
        "tags": [
          "api"
        ],
        "operationId": "postApiV2ManagementPeatioWithdrawsGet"
      }
    },
    "/api/v2/management/peatio/withdraws": {
      "post": {
        "description": "Returns withdraws as paginated collection.",
        "produces": [
          "application/json"
        ],
        "consumes": [
          "application/json"
        ],
        "parameters": [
          {
            "in": "formData",
            "name": "uid",
            "description": "The shared user ID.",
            "type": "string",
            "required": false
          },
          {
            "in": "formData",
            "name": "currency",
            "description": "The currency code.",
            "type": "string",
            "enum": [
              "btc",
              "eth",
              "trst",
              "usd",
              "BTC",
              "ETH",
              "TRST",
              "USD"
            ],
            "required": false
          },
          {
            "in": "formData",
            "name": "page",
            "description": "The page number (defaults to 1).",
            "type": "integer",
            "format": "int32",
            "default": 1,
            "required": false
          },
          {
            "in": "formData",
            "name": "limit",
            "description": "The number of objects per page (defaults to 100, maximum is 1000).",
            "type": "integer",
            "format": "int32",
            "default": 100,
            "required": false
          },
          {
            "in": "formData",
            "name": "state",
            "description": "The state to filter by.",
            "type": "string",
            "enum": [
              "prepared",
              "rejected",
              "accepted",
              "skipped",
              "processing",
              "succeed",
              "canceled",
              "failed",
              "errored",
              "confirming"
            ],
            "required": false
          }
        ],
        "responses": {
          "201": {
            "description": "Returns withdraws as paginated collection.",
            "schema": {
              "$ref": "#/definitions/Withdraw"
            }
          }
        },
        "tags": [
          "api"
        ],
        "operationId": "postApiV2ManagementPeatioWithdraws"
      }
    },
    "/api/v2/management/peatio/timestamp": {
      "post": {
        "description": "Returns server time in seconds since Unix epoch.",
        "produces": [
          "application/json"
        ],
        "consumes": [
          "application/json"
        ],
        "responses": {
          "201": {
            "description": "Returns server time in seconds since Unix epoch."
          }
        },
        "tags": [
          "api"
        ],
        "operationId": "postApiV2ManagementPeatioTimestamp"
      }
    },
    "/api/v2/management/peatio/assets/new": {
      "post": {
        "description": "Creates new asset operation.",
        "produces": [
          "application/json"
        ],
        "consumes": [
          "application/json"
        ],
        "parameters": [
          {
            "in": "formData",
            "name": "currency",
            "description": "The currency code.",
            "type": "string",
            "enum": [
              "btc",
              "eth",
              "trst",
              "usd",
              "BTC",
              "ETH",
              "TRST",
              "USD"
            ],
            "required": true
          },
          {
            "in": "formData",
            "name": "code",
            "description": "Operation account code",
            "type": "integer",
            "format": "int32",
            "enum": [
              102,
              101
            ],
            "required": true
          },
          {
            "in": "formData",
            "name": "debit",
            "description": "Operation debit amount.",
            "type": "number",
            "format": "double",
            "required": false
          },
          {
            "in": "formData",
            "name": "credit",
            "description": "Operation credit amount.",
            "type": "number",
            "format": "double",
            "required": false
          }
        ],
        "responses": {
          "201": {
            "description": "Creates new asset operation.",
            "schema": {
              "$ref": "#/definitions/Operation"
            }
          }
        },
        "tags": [
          "api"
        ],
        "operationId": "postApiV2ManagementPeatioAssetsNew"
      }
    },
    "/api/v2/management/peatio/assets": {
      "post": {
        "description": "Returns assets as paginated collection.",
        "produces": [
          "application/json"
        ],
        "consumes": [
          "application/json"
        ],
        "parameters": [
          {
            "in": "formData",
            "name": "currency",
            "description": "The currency for operations filtering.",
            "type": "string",
            "enum": [
              "btc",
              "eth",
              "trst",
              "usd",
              "BTC",
              "ETH",
              "TRST",
              "USD"
            ],
            "required": false
          },
          {
            "in": "formData",
            "name": "page",
            "description": "The page number (defaults to 1).",
            "type": "integer",
            "format": "int32",
            "default": 1,
            "required": false
          },
          {
            "in": "formData",
            "name": "limit",
            "description": "The number of objects per page (defaults to 100, maximum is 1000).",
            "type": "integer",
            "format": "int32",
            "default": 100,
            "required": false
          },
          {
            "in": "formData",
            "name": "time_from",
            "description": "An integer represents the seconds elapsed since Unix epoch.If set, only operations after the time will be returned.",
            "type": "integer",
            "format": "int32",
            "required": false
          },
          {
            "in": "formData",
            "name": "time_to",
            "description": "An integer represents the seconds elapsed since Unix epoch.If set, only operations before the time will be returned.",
            "type": "integer",
            "format": "int32",
            "required": false
          },
          {
            "in": "formData",
            "name": "reference_type",
            "description": "The reference type for operations filtering",
            "type": "string",
            "required": false
          }
        ],
        "responses": {
          "201": {
            "description": "Returns assets as paginated collection.",
            "schema": {
              "$ref": "#/definitions/Operation"
            }
          }
        },
        "tags": [
          "api"
        ],
        "operationId": "postApiV2ManagementPeatioAssets"
      }
    },
    "/api/v2/management/peatio/expenses/new": {
      "post": {
        "description": "Creates new expense operation.",
        "produces": [
          "application/json"
        ],
        "consumes": [
          "application/json"
        ],
        "parameters": [
          {
            "in": "formData",
            "name": "currency",
            "description": "The currency code.",
            "type": "string",
            "enum": [
              "btc",
              "eth",
              "trst",
              "usd",
              "BTC",
              "ETH",
              "TRST",
              "USD"
            ],
            "required": true
          },
          {
            "in": "formData",
            "name": "code",
            "description": "Operation account code",
            "type": "integer",
            "format": "int32",
            "enum": [
              402,
              401
            ],
            "required": true
          },
          {
            "in": "formData",
            "name": "debit",
            "description": "Operation debit amount.",
            "type": "number",
            "format": "double",
            "required": false
          },
          {
            "in": "formData",
            "name": "credit",
            "description": "Operation credit amount.",
            "type": "number",
            "format": "double",
            "required": false
          }
        ],
        "responses": {
          "201": {
            "description": "Creates new expense operation.",
            "schema": {
              "$ref": "#/definitions/Operation"
            }
          }
        },
        "tags": [
          "api"
        ],
        "operationId": "postApiV2ManagementPeatioExpensesNew"
      }
    },
    "/api/v2/management/peatio/expenses": {
      "post": {
        "description": "Returns expenses as paginated collection.",
        "produces": [
          "application/json"
        ],
        "consumes": [
          "application/json"
        ],
        "parameters": [
          {
            "in": "formData",
            "name": "currency",
            "description": "The currency for operations filtering.",
            "type": "string",
            "enum": [
              "btc",
              "eth",
              "trst",
              "usd",
              "BTC",
              "ETH",
              "TRST",
              "USD"
            ],
            "required": false
          },
          {
            "in": "formData",
            "name": "page",
            "description": "The page number (defaults to 1).",
            "type": "integer",
            "format": "int32",
            "default": 1,
            "required": false
          },
          {
            "in": "formData",
            "name": "limit",
            "description": "The number of objects per page (defaults to 100, maximum is 1000).",
            "type": "integer",
            "format": "int32",
            "default": 100,
            "required": false
          },
          {
            "in": "formData",
            "name": "time_from",
            "description": "An integer represents the seconds elapsed since Unix epoch.If set, only operations after the time will be returned.",
            "type": "integer",
            "format": "int32",
            "required": false
          },
          {
            "in": "formData",
            "name": "time_to",
            "description": "An integer represents the seconds elapsed since Unix epoch.If set, only operations before the time will be returned.",
            "type": "integer",
            "format": "int32",
            "required": false
          },
          {
            "in": "formData",
            "name": "reference_type",
            "description": "The reference type for operations filtering",
            "type": "string",
            "required": false
          }
        ],
        "responses": {
          "201": {
            "description": "Returns expenses as paginated collection.",
            "schema": {
              "$ref": "#/definitions/Operation"
            }
          }
        },
        "tags": [
          "api"
        ],
        "operationId": "postApiV2ManagementPeatioExpenses"
      }
    },
    "/api/v2/management/peatio/revenues/new": {
      "post": {
        "description": "Creates new revenue operation.",
        "produces": [
          "application/json"
        ],
        "consumes": [
          "application/json"
        ],
        "parameters": [
          {
            "in": "formData",
            "name": "currency",
            "description": "The currency code.",
            "type": "string",
            "enum": [
              "btc",
              "eth",
              "trst",
              "usd",
              "BTC",
              "ETH",
              "TRST",
              "USD"
            ],
            "required": true
          },
          {
            "in": "formData",
            "name": "code",
            "description": "Operation account code",
            "type": "integer",
            "format": "int32",
            "enum": [
              302,
              301
            ],
            "required": true
          },
          {
            "in": "formData",
            "name": "debit",
            "description": "Operation debit amount.",
            "type": "number",
            "format": "double",
            "required": false
          },
          {
            "in": "formData",
            "name": "credit",
            "description": "Operation credit amount.",
            "type": "number",
            "format": "double",
            "required": false
          }
        ],
        "responses": {
          "201": {
            "description": "Creates new revenue operation.",
            "schema": {
              "$ref": "#/definitions/Operation"
            }
          }
        },
        "tags": [
          "api"
        ],
        "operationId": "postApiV2ManagementPeatioRevenuesNew"
      }
    },
    "/api/v2/management/peatio/revenues": {
      "post": {
        "description": "Returns revenues as paginated collection.",
        "produces": [
          "application/json"
        ],
        "consumes": [
          "application/json"
        ],
        "parameters": [
          {
            "in": "formData",
            "name": "currency",
            "description": "The currency for operations filtering.",
            "type": "string",
            "enum": [
              "btc",
              "eth",
              "trst",
              "usd",
              "BTC",
              "ETH",
              "TRST",
              "USD"
            ],
            "required": false
          },
          {
            "in": "formData",
            "name": "page",
            "description": "The page number (defaults to 1).",
            "type": "integer",
            "format": "int32",
            "default": 1,
            "required": false
          },
          {
            "in": "formData",
            "name": "limit",
            "description": "The number of objects per page (defaults to 100, maximum is 1000).",
            "type": "integer",
            "format": "int32",
            "default": 100,
            "required": false
          },
          {
            "in": "formData",
            "name": "time_from",
            "description": "An integer represents the seconds elapsed since Unix epoch.If set, only operations after the time will be returned.",
            "type": "integer",
            "format": "int32",
            "required": false
          },
          {
            "in": "formData",
            "name": "time_to",
            "description": "An integer represents the seconds elapsed since Unix epoch.If set, only operations before the time will be returned.",
            "type": "integer",
            "format": "int32",
            "required": false
          },
          {
            "in": "formData",
            "name": "reference_type",
            "description": "The reference type for operations filtering",
            "type": "string",
            "required": false
          }
        ],
        "responses": {
          "201": {
            "description": "Returns revenues as paginated collection.",
            "schema": {
              "$ref": "#/definitions/Operation"
            }
          }
        },
        "tags": [
          "api"
        ],
        "operationId": "postApiV2ManagementPeatioRevenues"
      }
    },
    "/api/v2/management/peatio/liabilities/new": {
      "post": {
        "description": "Creates new liability operation.",
        "produces": [
          "application/json"
        ],
        "consumes": [
          "application/json"
        ],
        "parameters": [
          {
            "in": "formData",
            "name": "currency",
            "description": "The currency code.",
            "type": "string",
            "enum": [
              "btc",
              "eth",
              "trst",
              "usd",
              "BTC",
              "ETH",
              "TRST",
              "USD"
            ],
            "required": true
          },
          {
            "in": "formData",
            "name": "code",
            "description": "Operation account code",
            "type": "integer",
            "format": "int32",
            "enum": [
              212,
              211,
              202,
              201
            ],
            "required": true
          },
          {
            "in": "formData",
            "name": "uid",
            "description": "The user ID for operation owner.",
            "type": "string",
            "required": true
          },
          {
            "in": "formData",
            "name": "debit",
            "description": "Operation debit amount.",
            "type": "number",
            "format": "double",
            "required": false
          },
          {
            "in": "formData",
            "name": "credit",
            "description": "Operation credit amount.",
            "type": "number",
            "format": "double",
            "required": false
          }
        ],
        "responses": {
          "201": {
            "description": "Creates new liability operation.",
            "schema": {
              "$ref": "#/definitions/Operation"
            }
          }
        },
        "tags": [
          "api"
        ],
        "operationId": "postApiV2ManagementPeatioLiabilitiesNew"
      }
    },
    "/api/v2/management/peatio/liabilities": {
      "post": {
        "description": "Returns liabilities as paginated collection.",
        "produces": [
          "application/json"
        ],
        "consumes": [
          "application/json"
        ],
        "parameters": [
          {
            "in": "formData",
            "name": "currency",
            "description": "The currency for operations filtering.",
            "type": "string",
            "enum": [
              "btc",
              "eth",
              "trst",
              "usd",
              "BTC",
              "ETH",
              "TRST",
              "USD"
            ],
            "required": false
          },
          {
            "in": "formData",
            "name": "uid",
            "description": "The user ID for operations filtering.",
            "type": "string",
            "required": false
          },
          {
            "in": "formData",
            "name": "reference_type",
            "description": "The reference type for operations filtering",
            "type": "string",
            "required": false
          },
          {
            "in": "formData",
            "name": "time_from",
            "description": "An integer represents the seconds elapsed since Unix epoch.If set, only operations after the time will be returned.",
            "type": "integer",
            "format": "int32",
            "required": false
          },
          {
            "in": "formData",
            "name": "time_to",
            "description": "An integer represents the seconds elapsed since Unix epoch.If set, only operations before the time will be returned.",
            "type": "integer",
            "format": "int32",
            "required": false
          },
          {
            "in": "formData",
            "name": "page",
            "description": "The page number (defaults to 1).",
            "type": "integer",
            "format": "int32",
            "default": 1,
            "required": false
          },
          {
            "in": "formData",
            "name": "limit",
            "description": "The number of objects per page (defaults to 100, maximum is 10000).",
            "type": "integer",
            "format": "int32",
            "default": 100,
            "required": false
          }
        ],
        "responses": {
          "201": {
            "description": "Returns liabilities as paginated collection.",
            "schema": {
              "$ref": "#/definitions/Operation"
            }
          }
        },
        "tags": [
          "api"
        ],
        "operationId": "postApiV2ManagementPeatioLiabilities"
      }
    },
    "/api/v2/management/peatio/orders/cancel": {
      "post": {
        "description": "Cancel all open orders",
        "produces": [
          "application/json"
        ],
        "consumes": [
          "application/json"
        ],
        "parameters": [
          {
            "in": "formData",
            "name": "uid",
            "description": "Filter order by owner uid",
            "type": "string",
            "required": false
          },
          {
            "in": "formData",
            "name": "market",
            "description": "Unique market id. It's always in the form of xxxyyy,where xxx is the base currency code, yyy is the quotecurrency code, e.g. 'btcusd'. All available markets canbe found at /api/v2/markets.",
            "type": "string",
            "enum": [
              "btcusd",
              "ethbtc",
              "ethusd",
              "trstbtc",
              "trsteth",
              "trstusd"
            ],
            "required": true
          }
        ],
        "responses": {
          "201": {
            "description": "Cancel all open orders",
            "schema": {
              "$ref": "#/definitions/Order"
            }
          }
        },
        "tags": [
          "api"
        ],
        "operationId": "postApiV2ManagementPeatioOrdersCancel"
      }
    },
    "/api/v2/management/peatio/orders/{id}/cancel": {
      "post": {
        "description": "Cancel specific order",
        "produces": [
          "application/json"
        ],
        "consumes": [
          "application/json"
        ],
        "parameters": [
          {
            "in": "path",
            "name": "id",
            "description": "Unique order id.",
            "type": "string",
            "required": true
          }
        ],
        "responses": {
          "201": {
            "description": "Cancel specific order",
            "schema": {
              "$ref": "#/definitions/Order"
            }
          }
        },
        "tags": [
          "api"
        ],
        "operationId": "postApiV2ManagementPeatioOrdersIdCancel"
      }
    },
    "/api/v2/management/peatio/orders": {
      "post": {
        "description": "Returns orders",
        "produces": [
          "application/json"
        ],
        "consumes": [
          "application/json"
        ],
        "parameters": [
          {
            "in": "formData",
            "name": "uid",
            "description": "Filter order by owner uid",
            "type": "string",
            "required": false
          },
          {
            "in": "formData",
            "name": "market",
            "description": "Unique market id. It's always in the form of xxxyyy,where xxx is the base currency code, yyy is the quotecurrency code, e.g. 'btcusd'. All available markets canbe found at /api/v2/markets.",
            "type": "string",
            "enum": [
              "btcusd",
              "ethusd",
              "trstusd",
              "ethbtc",
              "trstbtc",
              "trsteth"
            ],
            "required": false
          },
          {
            "in": "formData",
            "name": "state",
            "description": "Filter order by state.",
            "type": "string",
            "enum": [
              "pending",
              "wait",
              "done",
              "cancel",
              "reject"
            ],
            "required": false
          },
          {
            "in": "formData",
            "name": "ord_type",
            "description": "Filter order by ord_type.",
            "type": "string",
            "enum": [
              "market",
              "limit"
            ],
            "required": false
          }
        ],
        "responses": {
          "201": {
            "description": "Returns orders",
            "schema": {
              "$ref": "#/definitions/Order"
            }
          }
        },
        "tags": [
          "api"
        ],
        "operationId": "postApiV2ManagementPeatioOrders"
      }
    },
    "/api/v2/management/peatio/transfers/new": {
      "post": {
        "description": "Creates new transfer.",
        "produces": [
          "application/json"
        ],
        "consumes": [
          "application/json"
        ],
        "parameters": [
          {
            "in": "formData",
            "name": "key",
            "description": "Unique Transfer Key.",
            "type": "string",
            "required": true
          },
          {
            "in": "formData",
            "name": "category",
            "description": "Transfer Category.",
            "type": "string",
            "required": true
          },
          {
            "in": "formData",
            "name": "description",
            "description": "Transfer Description.",
            "type": "string",
            "required": false
          },
          {
            "in": "formData",
            "name": "operations[currency]",
            "description": "Operation currency.",
            "type": "array",
            "items": {
              "type": "string",
              "enum": [
                "btc",
                "eth",
                "trst",
                "usd",
                "BTC",
                "ETH",
                "TRST",
                "USD"
              ]
            },
            "required": true
          },
          {
            "in": "formData",
            "name": "operations[amount]",
            "description": "Operation amount.",
            "type": "array",
            "items": {
              "type": "number",
              "format": "double"
            },
            "required": true
          },
          {
            "in": "formData",
            "name": "operations[account_src][code]",
            "description": "Source Account code.",
            "type": "array",
            "items": {
              "type": "integer",
              "format": "int32",
              "enum": [
                101,
                102,
                201,
                202,
                211,
                212,
                301,
                302,
                401,
                402
              ]
            },
            "required": true
          },
          {
            "in": "formData",
            "name": "operations[account_src][uid]",
            "description": "Source Account User ID (for accounts with member scope).",
            "type": "array",
            "items": {
              "type": "string"
            },
            "required": true
          },
          {
            "in": "formData",
            "name": "operations[account_dst][code]",
            "description": "Destination Account code.",
            "type": "array",
            "items": {
              "type": "integer",
              "format": "int32",
              "enum": [
                101,
                102,
                201,
                202,
                211,
                212,
                301,
                302,
                401,
                402
              ]
            },
            "required": true
          },
          {
            "in": "formData",
            "name": "operations[account_dst][uid]",
            "description": "Destination Account User ID (for accounts with member scope).",
            "type": "array",
            "items": {
              "type": "string"
            },
            "required": true
          }
        ],
        "responses": {
          "201": {
            "description": "Creates new transfer."
          }
        },
        "tags": [
          "api"
        ],
        "operationId": "postApiV2ManagementPeatioTransfersNew"
      }
    },
    "/api/v2/management/peatio/trades": {
      "post": {
        "description": "Returns trades as paginated collection.",
        "produces": [
          "application/json"
        ],
        "consumes": [
          "application/json"
        ],
        "parameters": [
          {
            "in": "formData",
            "name": "uid",
            "description": "The shared user ID.",
            "type": "string",
            "required": false
          },
          {
            "in": "formData",
            "name": "market",
            "description": "",
            "type": "string",
            "enum": [
              "btcusd",
              "ethbtc",
              "ethusd",
              "trstbtc",
              "trsteth",
              "trstusd"
            ],
            "required": false
          },
          {
            "in": "formData",
            "name": "page",
            "description": "The page number (defaults to 1).",
            "type": "integer",
            "format": "int32",
            "default": 1,
            "required": false
          },
          {
            "in": "formData",
            "name": "limit",
            "description": "The number of objects per page (defaults to 100, maximum is 1000).",
            "type": "integer",
            "format": "int32",
            "default": 100,
            "required": false
          }
        ],
        "responses": {
          "201": {
            "description": "Returns trades as paginated collection.",
            "schema": {
              "$ref": "#/definitions/Trade"
            }
          }
        },
        "tags": [
          "api"
        ],
        "operationId": "postApiV2ManagementPeatioTrades"
      }
    },
    "/api/v2/management/peatio/members/group": {
      "post": {
        "description": "Set user group.",
        "produces": [
          "application/json"
        ],
        "consumes": [
          "application/json"
        ],
        "parameters": [
          {
            "in": "formData",
            "name": "uid",
            "description": "The shared user ID.",
            "type": "string",
            "required": true
          },
          {
            "in": "formData",
            "name": "group",
            "description": "User gruop",
            "type": "string",
            "required": true
          }
        ],
        "responses": {
          "201": {
            "description": "Set user group."
          }
        },
        "tags": [
          "api"
        ],
        "operationId": "postApiV2ManagementPeatioMembersGroup"
      }
    },
    "/api/v2/management/peatio/members": {
      "post": {
        "description": "Create a member.",
        "produces": [
          "application/json"
        ],
        "consumes": [
          "application/json"
        ],
        "parameters": [
          {
            "in": "formData",
            "name": "email",
            "description": "User email.",
            "type": "string",
            "required": true
          },
          {
            "in": "formData",
            "name": "uid",
            "description": "The shared user ID.",
            "type": "string",
            "required": true
          },
          {
            "in": "formData",
            "name": "level",
            "description": "User level.",
            "type": "integer",
            "format": "int32",
            "required": true
          },
          {
            "in": "formData",
            "name": "role",
            "description": "User role.",
            "type": "string",
            "required": true
          },
          {
            "in": "formData",
            "name": "state",
            "description": "User state.",
            "type": "string",
            "required": true
          },
          {
            "in": "formData",
            "name": "group",
            "description": "User group",
            "type": "string",
            "required": true
          }
        ],
        "responses": {
          "201": {
            "description": "Create a member."
          }
        },
        "tags": [
          "api"
        ],
        "operationId": "postApiV2ManagementPeatioMembers"
      }
    },
    "/api/v2/management/peatio/fee_schedule/trading_fees": {
      "post": {
        "description": "Returns trading_fees table as paginated collection",
        "produces": [
          "application/json"
        ],
        "consumes": [
          "application/json"
        ],
        "parameters": [
          {
            "in": "formData",
            "name": "group",
            "description": "Member group",
            "type": "string",
            "required": false
          },
          {
            "in": "formData",
            "name": "market_id",
            "description": "Market id",
            "type": "string",
            "enum": [
              "btcusd",
              "ethusd",
              "trstusd",
              "ethbtc",
              "trstbtc",
              "trsteth",
              "any"
            ],
            "required": false
          },
          {
            "in": "formData",
            "name": "page",
            "description": "The page number (defaults to 1).",
            "type": "integer",
            "format": "int32",
            "default": 1,
            "required": false
          },
          {
            "in": "formData",
            "name": "limit",
            "description": "The number of objects per page (defaults to 100, maximum is 1000).",
            "type": "integer",
            "format": "int32",
            "default": 100,
            "required": false
          }
        ],
        "responses": {
          "201": {
            "description": "Returns trading_fees table as paginated collection"
          }
        },
        "tags": [
          "api"
        ],
        "operationId": "postApiV2ManagementPeatioFeeScheduleTradingFees"
      }
    },
    "/api/v2/management/peatio/currencies/update": {
      "put": {
        "description": "Update  currency.",
        "produces": [
          "application/json"
        ],
        "consumes": [
          "application/json"
        ],
        "parameters": [
          {
            "in": "formData",
            "name": "id",
            "description": "Currency code.",
            "type": "string",
            "required": true
          },
          {
            "in": "formData",
            "name": "name",
            "description": "Currency name",
            "type": "string",
            "required": false
          },
          {
            "in": "formData",
            "name": "deposit_fee",
            "description": "Currency deposit fee",
            "type": "number",
            "format": "double",
            "default": 0.0,
            "required": false
          },
          {
            "in": "formData",
            "name": "min_deposit_amount",
            "description": "Minimal deposit amount",
            "type": "number",
            "format": "double",
            "default": 0.0,
            "required": false
          },
          {
            "in": "formData",
            "name": "min_collection_amount",
            "description": "Minimal deposit amount that will be collected",
            "type": "number",
            "format": "double",
            "default": 0.0,
            "required": false
          },
          {
            "in": "formData",
            "name": "withdraw_fee",
            "description": "Currency withdraw fee",
            "type": "number",
            "format": "double",
            "default": 0.0,
            "required": false
          },
          {
            "in": "formData",
            "name": "min_withdraw_amount",
            "description": "Minimal withdraw amount",
            "type": "number",
            "format": "double",
            "default": 0.0,
            "required": false
          },
          {
            "in": "formData",
            "name": "withdraw_limit_24h",
            "description": "Currency 24h withdraw limit",
            "type": "number",
            "format": "double",
            "default": 0.0,
            "required": false
          },
          {
            "in": "formData",
            "name": "withdraw_limit_72h",
            "description": "Currency 72h withdraw limit",
            "type": "number",
            "format": "double",
            "default": 0.0,
            "required": false
          },
          {
            "in": "formData",
            "name": "position",
            "description": "Currency position.",
            "type": "integer",
            "format": "int32",
            "required": false
          },
          {
            "in": "formData",
            "name": "options",
            "description": "Currency options.",
            "type": "json",
            "required": false
          },
          {
            "in": "formData",
            "name": "visible",
            "description": "Currency display possibility status (true/false).",
            "type": "Boolean",
            "default": true,
            "required": false
          },
          {
            "in": "formData",
            "name": "deposit_enabled",
            "description": "Currency deposit possibility status (true/false).",
            "type": "Boolean",
            "default": true,
            "required": false
          },
          {
            "in": "formData",
            "name": "withdrawal_enabled",
            "description": "Currency withdrawal possibility status (true/false).",
            "type": "Boolean",
            "default": true,
            "required": false
          },
          {
            "in": "formData",
            "name": "precision",
            "description": "Currency precision",
            "type": "integer",
            "format": "int32",
            "default": 8,
            "required": false
          },
          {
            "in": "formData",
            "name": "icon_url",
            "description": "Currency icon",
            "type": "string",
            "required": false
          }
        ],
        "responses": {
          "200": {
            "description": "Update  currency.",
            "schema": {
              "$ref": "#/definitions/Currency"
            }
          }
        },
        "tags": [
          "api"
        ],
        "operationId": "putApiV2ManagementPeatioCurrenciesUpdate"
      }
    },
    "/api/v2/management/peatio/currencies/{code}": {
      "post": {
        "description": "Returns currency by code.",
        "produces": [
          "application/json"
        ],
        "consumes": [
          "application/json"
        ],
        "parameters": [
          {
            "in": "path",
            "name": "code",
            "description": "The currency code.",
            "type": "string",
            "required": true
          }
        ],
        "responses": {
          "201": {
            "description": "Returns currency by code.",
            "schema": {
              "$ref": "#/definitions/Currency"
            }
          }
        },
        "tags": [
          "api"
        ],
        "operationId": "postApiV2ManagementPeatioCurrenciesCode"
      }
    },
    "/api/v2/management/peatio/currencies/list": {
      "post": {
        "description": "Return currencies list.",
        "produces": [
          "application/json"
        ],
        "consumes": [
          "application/json"
        ],
        "parameters": [
          {
            "in": "formData",
            "name": "type",
            "description": "Currency type",
            "type": "string",
            "enum": [
              "fiat",
              "coin"
            ],
            "required": false
          }
        ],
        "responses": {
          "201": {
            "description": "Return currencies list.",
            "schema": {
              "$ref": "#/definitions/Currency"
            }
          }
        },
        "tags": [
          "api"
        ],
        "operationId": "postApiV2ManagementPeatioCurrenciesList"
      }
    },
    "/api/v2/management/peatio/markets/list": {
      "post": {
        "description": "Return markets list.",
        "produces": [
          "application/json"
        ],
        "consumes": [
          "application/json"
        ],
        "responses": {
          "201": {
            "description": "Return markets list.",
            "schema": {
              "$ref": "#/definitions/Market"
            }
          }
        },
        "tags": [
          "api"
        ],
        "operationId": "postApiV2ManagementPeatioMarketsList"
      }
    },
    "/api/v2/management/peatio/markets/update": {
      "put": {
        "description": "Update market.",
        "produces": [
          "application/json"
        ],
        "consumes": [
          "application/json"
        ],
        "parameters": [
          {
            "in": "formData",
            "name": "id",
            "description": "Unique market id. It's always in the form of xxxyyy,where xxx is the base currency code, yyy is the quotecurrency code, e.g. 'btcusd'. All available markets canbe found at /api/v2/markets.",
            "type": "string",
            "required": true
          },
          {
            "in": "formData",
            "name": "state",
            "description": "Market state defines if user can see/trade on current market.",
            "type": "string",
            "enum": [
              "enabled",
              "disabled",
              "hidden",
              "locked",
              "sale",
              "presale"
            ],
            "required": false
          },
          {
            "in": "formData",
            "name": "min_price",
            "description": "Minimum order price.",
            "type": "number",
            "format": "double",
            "required": false
          },
          {
            "in": "formData",
            "name": "min_amount",
            "description": "Minimum order amount.",
            "type": "number",
            "format": "double",
            "required": false
          },
          {
            "in": "formData",
            "name": "amount_precision",
            "description": "Precision for order amount.",
            "type": "integer",
            "format": "int32",
            "required": false
          },
          {
            "in": "formData",
            "name": "price_precision",
            "description": "Precision for order price.",
            "type": "integer",
            "format": "int32",
            "required": false
          },
          {
            "in": "formData",
            "name": "max_price",
            "description": "Maximum order price.",
            "type": "number",
            "format": "double",
            "required": false
          },
          {
            "in": "formData",
            "name": "position",
            "description": "Market position.",
            "type": "integer",
            "format": "int32",
            "required": false
          }
        ],
        "responses": {
          "200": {
            "description": "Update market.",
            "schema": {
              "$ref": "#/definitions/Market"
            }
          }
        },
        "tags": [
          "api"
        ],
        "operationId": "putApiV2ManagementPeatioMarketsUpdate"
      }
    }
  },
  "definitions": {
    "Beneficiary": {
      "type": "object",
      "properties": {
        "id": {
          "type": "integer",
          "format": "int32",
          "description": "Beneficiary Identifier in Database"
        },
        "currency": {
          "type": "string",
          "description": "Beneficiary currency code."
        },
        "uid": {
          "type": "string",
          "description": "Beneficiary owner"
        },
        "name": {
          "type": "string",
          "description": "Human rememberable name which refer beneficiary."
        },
        "description": {
          "type": "string",
          "description": "Human rememberable description of beneficiary."
        },
        "data": {
          "type": "json",
          "description": "Bank Account details for fiat Beneficiary in JSON format.For crypto it's blockchain address."
        },
        "state": {
          "type": "string",
          "description": "Defines either beneficiary active - user can use it to withdraw moneyor pending - requires beneficiary activation with pin."
        },
        "sent_at": {
          "type": "string",
          "description": "Time when last pin was sent"
        }
      },
      "description": "Get list of user beneficiaries"
    },
    "Balance": {
      "type": "object",
      "properties": {
        "uid": {
          "type": "string",
          "description": "The shared user ID."
        },
        "balance": {
          "type": "string",
          "description": "The account balance."
        },
        "locked": {
          "type": "string",
          "description": "The locked account balance."
        }
      },
      "description": "Queries the account balance for the given UID and currency."
    },
    "Deposit": {
      "type": "object",
      "properties": {
        "tid": {
          "type": "integer",
          "format": "int32",
          "description": "The shared transaction ID."
        },
        "currency": {
          "type": "string",
          "description": "The currency code."
        },
        "uid": {
          "type": "string",
          "description": "The shared user ID."
        },
        "type": {
          "type": "string",
          "description": "The deposit type (fiat or coin)."
        },
        "amount": {
          "type": "string",
          "description": "The deposit amount."
        },
        "state": {
          "type": "string",
          "description": "The deposit state. «submitted» – initial state. «canceled» – deposit has been canceled by outer service. «rejected» – deposit has been rejected by outer service.. «accepted» – deposit has been accepted by outer service, money are loaded."
        },
        "created_at": {
          "type": "string",
          "description": "The datetime when deposit was created."
        },
        "completed_at": {
          "type": "string",
          "description": "The datetime when deposit was completed."
        },
        "blockchain_txid": {
          "type": "string",
          "description": "The transaction ID on the Blockchain (coin only)."
        },
        "blockchain_confirmations": {
          "type": "string",
          "description": "The number of transaction confirmations on the Blockchain (coin only)."
        },
        "transfer_type": {
          "type": "string",
          "description": "deposit transfer_type."
        }
      },
      "description": "Returns deposits as paginated collection."
    },
    "Withdraw": {
      "type": "object",
      "properties": {
        "tid": {
          "type": "integer",
          "format": "int32",
          "description": "The shared transaction ID."
        },
        "uid": {
          "type": "string",
          "description": "The shared user ID."
        },
        "currency": {
          "type": "string",
          "description": "The currency code."
        },
        "note": {
          "type": "string",
          "description": "The note for withdraw."
        },
        "type": {
          "type": "string",
          "description": "The withdraw type (fiat or coin)."
        },
        "amount": {
          "type": "string",
          "description": "The withdraw amount excluding fee."
        },
        "fee": {
          "type": "string",
          "description": "The exchange fee."
        },
        "rid": {
          "type": "string",
          "description": "The beneficiary ID or wallet address on the Blockchain."
        },
        "state": {
          "type": "string",
          "description": "The withdraw state. «prepared» – initial state, money are not locked. «submitted» – withdraw has been allowed by outer service for further validation, money are locked. «canceled» – withdraw has been canceled by outer service, money are unlocked. «accepted» – system has validated withdraw and queued it for processing by worker, money are locked. «rejected» – system has validated withdraw and found errors, money are unlocked. «processing» – worker is processing withdraw as the current moment, money are locked. «skipped» – worker skipped withdrawal in case of insufficient balance of hot wallet or it absence. «succeed» – worker has successfully processed withdraw, money are subtracted from the account. «failed» – worker has encountered an unhandled error while processing withdraw, money are unlocked."
        },
        "created_at": {
          "type": "string",
          "description": "The datetime when withdraw was created."
        },
        "blockchain_txid": {
          "type": "string",
          "description": "The transaction ID on the Blockchain (coin only)."
        },
        "transfer_type": {
          "type": "string",
          "description": "withdraw transfer_type."
        }
      },
      "description": "Returns withdraws as paginated collection."
    },
    "Operation": {
      "type": "object",
      "properties": {
        "code": {
          "type": "string",
          "description": "The Account code which this operation related to."
        },
        "currency": {
          "type": "string",
          "description": "Operation currency ID."
        },
        "credit": {
          "type": "string",
          "description": "Operation credit amount."
        },
        "debit": {
          "type": "string",
          "description": "Operation debit amount."
        },
        "uid": {
          "type": "string",
          "description": "The shared user ID."
        },
        "reference_type": {
          "type": "string",
          "description": "The type of operations."
        },
        "created_at": {
          "type": "string",
          "description": "The datetime when operation was created."
        }
      },
      "description": "Returns liabilities as paginated collection."
    },
    "Order": {
      "type": "object",
      "properties": {
        "id": {
          "type": "integer",
          "format": "int32",
          "description": "Unique order id."
        },
        "member_id": {
          "type": "integer",
          "format": "int32",
          "description": "Member id."
        },
        "uuid": {
          "type": "string",
          "description": "Unique order UUID."
        },
        "side": {
          "type": "string",
          "description": "Either 'sell' or 'buy'."
        },
        "ord_type": {
          "type": "string",
          "description": "Type of order, either 'limit' or 'market'."
        },
        "price": {
          "type": "number",
          "format": "double",
          "description": "Price for each unit. e.g.If you want to sell/buy 1 btc at 3000 usd, the price is '3000.0'"
        },
        "avg_price": {
          "type": "number",
          "format": "double",
          "description": "Average execution price, average of price in trades."
        },
        "state": {
          "type": "string",
          "description": "One of 'wait', 'done', or 'cancel'.An order in 'wait' is an active order, waiting fulfillment;a 'done' order is an order fulfilled;'cancel' means the order has been canceled."
        },
        "market": {
          "type": "string",
          "description": "The market in which the order is placed, e.g. 'btcusd'.All available markets can be found at /api/v2/markets."
        },
        "created_at": {
          "type": "string",
          "description": "Order create time in iso8601 format."
        },
        "updated_at": {
          "type": "string",
          "description": "Order updated time in iso8601 format."
        },
        "origin_volume": {
          "type": "number",
          "format": "double",
          "description": "The amount user want to sell/buy.An order could be partially executed,e.g. an order sell 5 btc can be matched with a buy 3 btc order,left 2 btc to be sold; in this case the order's volume would be '5.0',its remaining_volume would be '2.0', its executed volume is '3.0'."
        },
        "remaining_volume": {
          "type": "number",
          "format": "double",
          "description": "The remaining volume, see 'volume'."
        },
        "executed_volume": {
          "type": "number",
          "format": "double",
          "description": "The executed volume, see 'volume'."
        },
        "maker_fee": {
          "type": "number",
          "format": "double",
          "description": "Fee for maker."
        },
        "taker_fee": {
          "type": "number",
          "format": "double",
          "description": "Fee for taker."
        },
        "trades_count": {
          "type": "integer",
          "format": "int32",
          "description": "Count of trades."
        },
        "trades": {
          "type": "array",
          "items": {
            "$ref": "#/definitions/Trade"
          },
          "description": "Trades wiht this order."
        }
      },
      "description": "Returns orders"
    },
    "Trade": {
      "type": "object",
      "properties": {
        "id": {
          "type": "string",
          "description": "Trade ID."
        },
        "price": {
          "type": "number",
          "format": "double",
          "description": "Trade price."
        },
        "amount": {
          "type": "number",
          "format": "double",
          "description": "Trade amount."
        },
        "total": {
          "type": "number",
          "format": "double",
          "description": "Trade total (Amount * Price)."
        },
        "fee_currency": {
          "type": "number",
          "format": "double",
          "description": "Currency user's fees were charged in."
        },
        "fee": {
          "type": "number",
          "format": "double",
          "description": "Percentage of fee user was charged for performed trade."
        },
        "fee_amount": {
          "type": "number",
          "format": "double",
          "description": "Amount of fee user was charged for performed trade."
        },
        "market": {
          "type": "string",
          "description": "Trade market id."
        },
        "created_at": {
          "type": "string",
          "description": "Trade create time in iso8601 format."
        },
        "taker_type": {
          "type": "string",
          "description": "Trade taker order type (sell or buy)."
        },
        "side": {
          "type": "string",
          "description": "Trade side."
        },
        "order_id": {
          "type": "integer",
          "format": "int32",
          "description": "Order id."
        }
      },
      "description": "Returns trades as paginated collection."
    },
    "Currency": {
      "type": "object",
      "properties": {
        "id": {
          "type": "string",
          "example": "btc",
          "description": "Currency code."
        },
        "name": {
          "type": "string",
          "example": "Bitcoin",
          "description": "Currency name"
        },
        "description": {
          "type": "string",
          "example": "btc",
          "description": "Currency description"
        },
        "homepage": {
          "type": "string",
          "example": "btc",
          "description": "Currency homepage"
        },
        "price": {
          "type": "string",
          "description": "Currency current price"
        },
        "explorer_transaction": {
          "type": "string",
          "example": "https://testnet.blockchain.info/tx/",
          "description": "Currency transaction exprorer url template"
        },
        "explorer_address": {
          "type": "string",
          "example": "https://testnet.blockchain.info/address/",
          "description": "Currency address exprorer url template"
        },
        "type": {
          "type": "string",
          "example": "coin",
          "description": "Currency type"
        },
        "deposit_enabled": {
          "type": "string",
          "description": "Currency deposit possibility status (true/false)."
        },
        "withdrawal_enabled": {
          "type": "string",
          "description": "Currency withdrawal possibility status (true/false)."
        },
        "deposit_fee": {
          "type": "string",
          "example": "0.0",
          "description": "Currency deposit fee"
        },
        "min_deposit_amount": {
          "type": "string",
          "example": "0.0000356",
          "description": "Minimal deposit amount"
        },
        "withdraw_fee": {
          "type": "string",
          "example": "0.0",
          "description": "Currency withdraw fee"
        },
        "min_withdraw_amount": {
          "type": "string",
          "example": "0.0",
          "description": "Minimal withdraw amount"
        },
        "withdraw_limit_24h": {
          "type": "string",
          "example": "0.1",
          "description": "Currency 24h withdraw limit"
        },
        "withdraw_limit_72h": {
          "type": "string",
          "example": "0.2",
          "description": "Currency 72h withdraw limit"
        },
        "base_factor": {
          "type": "string",
          "example": 100000000,
          "description": "Currency base factor"
        },
        "precision": {
          "type": "string",
          "example": 8,
          "description": "Currency precision"
        },
        "position": {
          "type": "integer",
          "format": "int32",
          "description": "Currency position."
        },
        "icon_url": {
          "type": "string",
          "example": "https://upload.wikimedia.org/wikipedia/commons/0/05/Ethereum_logo_2014.svg",
          "description": "Currency icon"
        },
        "min_confirmations": {
          "type": "string",
          "description": "Number of confirmations required for confirming deposit or withdrawal"
        },
        "code": {
          "type": "string",
          "description": "Unique currency code."
        },
        "min_collection_amount": {
          "type": "string",
          "example": "0.0000356",
          "description": "Minimal deposit amount that will be collected"
        },
        "visible": {
          "type": "string",
          "description": "Currency display possibility status (true/false)."
        },
        "subunits": {
          "type": "integer",
          "format": "int32",
          "description": "Fraction of the basic monetary unit."
        },
        "options": {
          "type": "json",
          "description": "Currency options."
        },
        "created_at": {
          "type": "string",
          "description": "Currency created time in iso8601 format."
        },
        "updated_at": {
          "type": "string",
          "description": "Currency updated time in iso8601 format."
        }
      },
      "description": "Return currencies list."
    },
    "Market": {
      "type": "object",
      "properties": {
        "id": {
          "type": "string",
          "description": "Unique market id. It's always in the form of xxxyyy,where xxx is the base currency code, yyy is the quotecurrency code, e.g. 'btcusd'. All available markets canbe found at /api/v2/markets."
        },
        "name": {
          "type": "string",
          "description": "Market name."
        },
        "base_unit": {
          "type": "string",
          "description": "Market Base unit."
        },
        "quote_unit": {
          "type": "string",
          "description": "Market Quote unit."
        },
        "min_price": {
          "type": "number",
          "format": "double",
          "description": "Minimum order price."
        },
        "max_price": {
          "type": "number",
          "format": "double",
          "description": "Maximum order price."
        },
        "min_amount": {
          "type": "number",
          "format": "double",
          "description": "Minimum order amount."
        },
        "amount_precision": {
          "type": "number",
          "format": "double",
          "description": "Precision for order amount."
        },
        "price_precision": {
          "type": "number",
          "format": "double",
          "description": "Precision for order price."
        },
        "state": {
          "type": "string",
          "description": "Market state defines if user can see/trade on current market."
        },
        "position": {
          "type": "integer",
          "format": "int32",
          "description": "Market position."
        },
        "created_at": {
          "type": "string",
          "description": "Market created time in iso8601 format."
        },
        "updated_at": {
          "type": "string",
          "description": "Market updated time in iso8601 format."
        }
      },
      "description": "Update market."
    }
  }
}
