{
  "info": {
    "title": "Peatio User API v2",
    "description": "API for Peatio application.",
    "contact": {
      "name": "openware.com",
      "email": "hello@openware.com",
      "url": "https://www.openware.com"
    },
    "license": {
      "url": "https://github.com/openware/peatio/blob/master/LICENSE.md"
    },
    "version": "2.6.0"
  },
  "swagger": "2.0",
  "produces": [
    "application/json"
  ],
  "securityDefinitions": {
    "Bearer": {
      "type": "apiKey",
      "name": "JWT",
      "in": "header"
    }
  },
  "host": "localhost:3000",
  "basePath": "/api/v2/peatio",
  "tags": [
    {
      "name": "api",
      "description": "Operations about apis"
    }
  ],
  "paths": {
    "/api/v2/peatio/public/withdraw_limits": {
      "get": {
        "description": "Returns withdraw limits table as paginated collection",
        "produces": [
          "application/json"
        ],
        "parameters": [
          {
            "in": "query",
            "name": "group",
            "description": "Member group for define withdraw limits.",
            "type": "string",
            "required": false
          },
          {
            "in": "query",
            "name": "kyc_level",
            "description": "KYC level for define withdraw limits.",
            "type": "string",
            "required": false
          },
          {
            "in": "query",
            "name": "limit",
            "description": "Limit the number of returned paginations. Defaults to 100.",
            "type": "integer",
            "format": "int32",
            "default": 100,
            "minimum": 1,
            "maximum": 1000,
            "required": false
          },
          {
            "in": "query",
            "name": "page",
            "description": "Specify the page of paginated results.",
            "type": "integer",
            "format": "int32",
            "default": 1,
            "required": false
          },
          {
            "in": "query",
            "name": "ordering",
            "description": "If set, returned values will be sorted in specific order, defaults to 'asc'.",
            "type": "string",
            "default": "asc",
            "enum": [
              "asc",
              "desc"
            ],
            "required": false
          },
          {
            "in": "query",
            "name": "order_by",
            "description": "Name of the field, which result will be ordered by.",
            "type": "string",
            "default": "id",
            "required": false
          }
        ],
        "responses": {
          "200": {
            "description": "Returns withdraw limits table as paginated collection",
            "schema": {
              "type": "array",
              "items": {
                "$ref": "#/definitions/WithdrawLimit"
              }
            }
          }
        },
        "tags": [
          "api"
        ],
        "operationId": "getApiV2PeatioPublicWithdrawLimits"
      }
    },
    "/api/v2/peatio/public/webhooks/{event}": {
      "post": {
        "description": "Bitgo Webhook",
        "produces": [
          "application/json"
        ],
        "consumes": [
          "application/json"
        ],
        "parameters": [
          {
            "in": "path",
            "name": "event",
            "description": "Name of event can be deposit or withdraw",
            "type": "string",
            "enum": [
              "deposit",
              "withdraw"
            ],
            "required": true
          },
          {
            "in": "formData",
            "name": "type",
            "description": "Type of event.",
            "type": "string",
            "required": true
          },
          {
            "in": "formData",
            "name": "hash",
            "description": "Address txid.",
            "type": "string",
            "required": true
          },
          {
            "in": "formData",
            "name": "transfer",
            "description": "Transfer id.",
            "type": "string",
            "required": true
          },
          {
            "in": "formData",
            "name": "coin",
            "description": "Currency code.",
            "type": "string",
            "required": true
          },
          {
            "in": "formData",
            "name": "wallet",
            "description": "Wallet id.",
            "type": "string",
            "required": true
          },
          {
            "in": "formData",
            "name": "address",
            "description": "User Address.",
            "type": "string",
            "required": true
          },
          {
            "in": "formData",
            "name": "walletId",
            "description": "Wallet id.",
            "type": "string",
            "required": true
          }
        ],
        "responses": {
          "201": {
            "description": "Bitgo Webhook"
          }
        },
        "tags": [
          "api"
        ],
        "operationId": "postApiV2PeatioPublicWebhooksEvent"
      }
    },
    "/api/v2/peatio/public/trading_fees": {
      "get": {
        "description": "Returns trading_fees table as paginated collection",
        "produces": [
          "application/json"
        ],
        "parameters": [
          {
            "in": "query",
            "name": "group",
            "description": "Member group for define maker/taker fee.",
            "type": "string",
            "required": false
          },
          {
            "in": "query",
            "name": "market_id",
            "description": "Market id for define maker/taker fee.",
            "type": "string",
            "enum": [
              "btcusd",
              "ethusd",
              "trstusd",
              "ethbtc",
              "trstbtc",
              "trsteth",
              "any"
            ],
            "required": false
          },
          {
            "in": "query",
            "name": "limit",
            "description": "Limit the number of returned paginations. Defaults to 100.",
            "type": "integer",
            "format": "int32",
            "default": 100,
            "minimum": 1,
            "maximum": 1000,
            "required": false
          },
          {
            "in": "query",
            "name": "page",
            "description": "Specify the page of paginated results.",
            "type": "integer",
            "format": "int32",
            "default": 1,
            "required": false
          },
          {
            "in": "query",
            "name": "ordering",
            "description": "If set, returned values will be sorted in specific order, defaults to 'asc'.",
            "type": "string",
            "default": "asc",
            "enum": [
              "asc",
              "desc"
            ],
            "required": false
          },
          {
            "in": "query",
            "name": "order_by",
            "description": "Name of the field, which result will be ordered by.",
            "type": "string",
            "default": "id",
            "required": false
          }
        ],
        "responses": {
          "200": {
            "description": "Returns trading_fees table as paginated collection",
            "schema": {
              "type": "array",
              "items": {
                "$ref": "#/definitions/TradingFee"
              }
            }
          }
        },
        "tags": [
          "api"
        ],
        "operationId": "getApiV2PeatioPublicTradingFees"
      }
    },
    "/api/v2/peatio/public/health/ready": {
      "get": {
        "description": "Get application readiness status",
        "produces": [
          "application/json"
        ],
        "responses": {
          "200": {
            "description": "Get application readiness status"
          }
        },
        "tags": [
          "api"
        ],
        "operationId": "getApiV2PeatioPublicHealthReady"
      }
    },
    "/api/v2/peatio/public/health/alive": {
      "get": {
        "description": "Get application liveness status",
        "produces": [
          "application/json"
        ],
        "responses": {
          "200": {
            "description": "Get application liveness status"
          }
        },
        "tags": [
          "api"
        ],
        "operationId": "getApiV2PeatioPublicHealthAlive"
      }
    },
    "/api/v2/peatio/public/version": {
      "get": {
        "description": "Get running Peatio version and build details.",
        "produces": [
          "application/json"
        ],
        "responses": {
          "200": {
            "description": "Get running Peatio version and build details."
          }
        },
        "tags": [
          "api"
        ],
        "operationId": "getApiV2PeatioPublicVersion"
      }
    },
    "/api/v2/peatio/public/timestamp": {
      "get": {
        "description": "Get server current time, in seconds since Unix epoch.",
        "produces": [
          "application/json"
        ],
        "responses": {
          "200": {
            "description": "Get server current time, in seconds since Unix epoch."
          }
        },
        "tags": [
          "api"
        ],
        "operationId": "getApiV2PeatioPublicTimestamp"
      }
    },
    "/api/v2/peatio/public/member-levels": {
      "get": {
        "description": "Returns hash of minimum levels and the privileges they provide.",
        "produces": [
          "application/json"
        ],
        "responses": {
          "200": {
            "description": "Returns hash of minimum levels and the privileges they provide."
          }
        },
        "tags": [
          "api"
        ],
        "operationId": "getApiV2PeatioPublicMemberLevels"
      }
    },
    "/api/v2/peatio/public/markets/{market}/tickers": {
      "get": {
        "description": "Get ticker of specific market.",
        "produces": [
          "application/json"
        ],
        "parameters": [
          {
            "in": "path",
            "name": "market",
            "description": "",
            "type": "string",
            "enum": [
              "btcusd",
              "ethbtc",
              "ethusd",
              "trstbtc",
              "trsteth",
              "trstusd"
            ],
            "required": true
          }
        ],
        "responses": {
          "200": {
            "description": "Get ticker of specific market.",
            "schema": {
              "$ref": "#/definitions/Ticker"
            }
          }
        },
        "tags": [
          "api"
        ],
        "operationId": "getApiV2PeatioPublicMarketsMarketTickers"
      }
    },
    "/api/v2/peatio/public/markets/tickers": {
      "get": {
        "description": "Get ticker of all markets (For response doc see /:market/tickers/ response).",
        "produces": [
          "application/json"
        ],
        "responses": {
          "200": {
            "description": "Get ticker of all markets (For response doc see /:market/tickers/ response).",
            "schema": {
              "$ref": "#/definitions/Ticker"
            }
          }
        },
        "tags": [
          "api"
        ],
        "operationId": "getApiV2PeatioPublicMarketsTickers"
      }
    },
    "/api/v2/peatio/public/markets/{market}/k-line": {
      "get": {
        "description": "Get OHLC(k line) of specific market.",
        "produces": [
          "application/json"
        ],
        "parameters": [
          {
            "in": "path",
            "name": "market",
            "description": "",
            "type": "string",
            "enum": [
              "btcusd",
              "ethbtc",
              "ethusd",
              "trstbtc",
              "trsteth",
              "trstusd"
            ],
            "required": true
          },
          {
            "in": "query",
            "name": "period",
            "description": "Time period of K line, default to 1. You can choose between 1, 5, 15, 30, 60, 120, 240, 360, 720, 1440, 4320, 10080",
            "type": "integer",
            "format": "int32",
            "default": 1,
            "enum": [
              1,
              5,
              15,
              30,
              60,
              120,
              240,
              360,
              720,
              1440,
              4320,
              10080
            ],
            "required": false
          },
          {
            "in": "query",
            "name": "time_from",
            "description": "An integer represents the seconds elapsed since Unix epoch. If set, only k-line data after that time will be returned.",
            "type": "integer",
            "format": "int32",
            "required": false
          },
          {
            "in": "query",
            "name": "time_to",
            "description": "An integer represents the seconds elapsed since Unix epoch. If set, only k-line data till that time will be returned.",
            "type": "integer",
            "format": "int32",
            "required": false
          },
          {
            "in": "query",
            "name": "limit",
            "description": "Limit the number of returned data points default to 30. Ignored if time_from and time_to are given.",
            "type": "integer",
            "format": "int32",
            "default": 30,
            "minimum": 1,
            "maximum": 10000,
            "required": false
          }
        ],
        "responses": {
          "200": {
            "description": "Get OHLC(k line) of specific market."
          }
        },
        "tags": [
          "api"
        ],
        "operationId": "getApiV2PeatioPublicMarketsMarketKLine"
      }
    },
    "/api/v2/peatio/public/markets/{market}/depth": {
      "get": {
        "description": "Get depth or specified market. Both asks and bids are sorted from highest price to lowest.",
        "produces": [
          "application/json"
        ],
        "parameters": [
          {
            "in": "path",
            "name": "market",
            "description": "",
            "type": "string",
            "enum": [
              "btcusd",
              "ethbtc",
              "ethusd",
              "trstbtc",
              "trsteth",
              "trstusd"
            ],
            "required": true
          },
          {
            "in": "query",
            "name": "limit",
            "description": "Limit the number of returned price levels. Default to 300.",
            "type": "integer",
            "format": "int32",
            "default": 300,
            "minimum": 1,
            "maximum": 1000,
            "required": false
          }
        ],
        "responses": {
          "200": {
            "description": "Get depth or specified market. Both asks and bids are sorted from highest price to lowest."
          }
        },
        "tags": [
          "api"
        ],
        "operationId": "getApiV2PeatioPublicMarketsMarketDepth"
      }
    },
    "/api/v2/peatio/public/markets/{market}/trades": {
      "get": {
        "description": "Get recent trades on market, each trade is included only once. Trades are sorted in reverse creation order.",
        "produces": [
          "application/json"
        ],
        "parameters": [
          {
            "in": "path",
            "name": "market",
            "description": "",
            "type": "string",
            "enum": [
              "btcusd",
              "ethbtc",
              "ethusd",
              "trstbtc",
              "trsteth",
              "trstusd"
            ],
            "required": true
          },
          {
            "in": "query",
            "name": "limit",
            "description": "Limit the number of returned trades. Default to 100.",
            "type": "integer",
            "format": "int32",
            "default": 100,
            "minimum": 1,
            "maximum": 1000,
            "required": false
          },
          {
            "in": "query",
            "name": "timestamp",
            "description": "An integer represents the seconds elapsed since Unix epoch.If set, only trades executed before the time will be returned.",
            "type": "integer",
            "format": "int32",
            "required": false
          },
          {
            "in": "query",
            "name": "order_by",
            "description": "If set, returned trades will be sorted in specific order, default to 'desc'.",
            "type": "string",
            "default": "desc",
            "enum": [
              "asc",
              "desc"
            ],
            "required": false
          }
        ],
        "responses": {
          "200": {
            "description": "Get recent trades on market, each trade is included only once. Trades are sorted in reverse creation order.",
            "schema": {
              "type": "array",
              "items": {
                "$ref": "#/definitions/Trade"
              }
            }
          }
        },
        "tags": [
          "api"
        ],
        "operationId": "getApiV2PeatioPublicMarketsMarketTrades"
      }
    },
    "/api/v2/peatio/public/markets/{market}/order-book": {
      "get": {
        "description": "Get the order book of specified market.",
        "produces": [
          "application/json"
        ],
        "parameters": [
          {
            "in": "path",
            "name": "market",
            "description": "",
            "type": "string",
            "enum": [
              "btcusd",
              "ethbtc",
              "ethusd",
              "trstbtc",
              "trsteth",
              "trstusd"
            ],
            "required": true
          },
          {
            "in": "query",
            "name": "asks_limit",
            "description": "Limit the number of returned sell orders. Default to 20.",
            "type": "integer",
            "format": "int32",
            "default": 20,
            "minimum": 1,
            "maximum": 200,
            "required": false
          },
          {
            "in": "query",
            "name": "bids_limit",
            "description": "Limit the number of returned buy orders. Default to 20.",
            "type": "integer",
            "format": "int32",
            "default": 20,
            "minimum": 1,
            "maximum": 200,
            "required": false
          }
        ],
        "responses": {
          "200": {
            "description": "Get the order book of specified market.",
            "schema": {
              "type": "array",
              "items": {
                "$ref": "#/definitions/OrderBook"
              }
            }
          }
        },
        "tags": [
          "api"
        ],
        "operationId": "getApiV2PeatioPublicMarketsMarketOrderBook"
      }
    },
    "/api/v2/peatio/public/markets": {
      "get": {
        "description": "Get all available markets.",
        "produces": [
          "application/json"
        ],
        "parameters": [
          {
            "in": "query",
            "name": "limit",
            "description": "Limit the number of returned paginations. Defaults to 100.",
            "type": "integer",
            "format": "int32",
            "default": 100,
            "minimum": 1,
            "maximum": 1000,
            "required": false
          },
          {
            "in": "query",
            "name": "page",
            "description": "Specify the page of paginated results.",
            "type": "integer",
            "format": "int32",
            "default": 1,
            "required": false
          },
          {
            "in": "query",
            "name": "ordering",
            "description": "If set, returned values will be sorted in specific order, defaults to 'asc'.",
            "type": "string",
            "default": "asc",
            "enum": [
              "asc",
              "desc"
            ],
            "required": false
          },
          {
            "in": "query",
            "name": "order_by",
            "description": "Name of the field, which result will be ordered by.",
            "type": "string",
            "default": "position",
            "enum": [
              "id",
              "position"
            ],
            "required": false
          },
          {
            "in": "query",
            "name": "base_unit",
            "description": "Strict filter for base unit",
            "type": "string",
            "required": false
          },
          {
            "in": "query",
            "name": "quote_unit",
            "description": "Strict filter for quote unit",
            "type": "string",
            "required": false
          },
          {
            "in": "query",
            "name": "search",
            "description": "",
            "type": "json",
            "required": false
          },
          {
            "in": "query",
            "name": "search[base_code]",
            "description": "Search base currency code using LIKE",
            "type": "string",
            "required": false
          },
          {
            "in": "query",
            "name": "search[quote_code]",
            "description": "Search qoute currency code using LIKE",
            "type": "string",
            "required": false
          },
          {
            "in": "query",
            "name": "search[base_name]",
            "description": "Search base currency name using LIKE",
            "type": "string",
            "required": false
          },
          {
            "in": "query",
            "name": "search[quote_name]",
            "description": "Search quote currency name using LIKE",
            "type": "string",
            "required": false
          }
        ],
        "responses": {
          "200": {
            "description": "Get all available markets.",
            "schema": {
              "type": "array",
              "items": {
                "$ref": "#/definitions/Market"
              }
            }
          }
        },
        "tags": [
          "api"
        ],
        "operationId": "getApiV2PeatioPublicMarkets"
      }
    },
    "/api/v2/peatio/public/currencies": {
      "get": {
        "description": "Get list of currencies",
        "produces": [
          "application/json"
        ],
        "parameters": [
          {
            "in": "query",
            "name": "limit",
            "description": "Limit the number of returned paginations. Defaults to 100.",
            "type": "integer",
            "format": "int32",
            "default": 100,
            "minimum": 1,
            "maximum": 1000,
            "required": false
          },
          {
            "in": "query",
            "name": "page",
            "description": "Specify the page of paginated results.",
            "type": "integer",
            "format": "int32",
            "default": 1,
            "required": false
          },
          {
            "in": "query",
            "name": "type",
            "description": "Currency type",
            "type": "string",
            "enum": [
              "fiat",
              "coin"
            ],
            "required": false
          },
          {
            "in": "query",
            "name": "search",
            "description": "",
            "type": "json",
            "required": false
          },
          {
            "in": "query",
            "name": "search[code]",
            "description": "Search by currency code using SQL LIKE",
            "type": "string",
            "required": false
          },
          {
            "in": "query",
            "name": "search[name]",
            "description": "Search by currency name using SQL LIKE",
            "type": "string",
            "required": false
          }
        ],
        "responses": {
          "200": {
            "description": "Get list of currencies",
            "schema": {
              "type": "array",
              "items": {
                "$ref": "#/definitions/Currency"
              }
            }
          }
        },
        "tags": [
          "api"
        ],
        "operationId": "getApiV2PeatioPublicCurrencies"
      }
    },
    "/api/v2/peatio/public/currencies/{id}": {
      "get": {
        "description": "Get a currency",
        "produces": [
          "application/json"
        ],
        "parameters": [
          {
            "in": "path",
            "name": "id",
            "description": "Currency code.",
            "type": "string",
            "enum": [
              "btc",
              "eth",
              "trst",
              "usd",
              "BTC",
              "ETH",
              "TRST",
              "USD"
            ],
            "required": true
          }
        ],
        "responses": {
          "200": {
            "description": "Get a currency",
            "schema": {
              "$ref": "#/definitions/Currency"
            }
          }
        },
        "tags": [
          "api"
        ],
        "operationId": "getApiV2PeatioPublicCurrenciesId"
      }
    },
    "/api/v2/peatio/account/stats/pnl": {
      "get": {
        "description": "Get assets pnl calculated into one currency",
        "produces": [
          "application/json"
        ],
        "parameters": [
          {
            "in": "query",
            "name": "pnl_currency",
            "description": "Currency code in which the PnL is calculated",
            "type": "string",
            "enum": [
              "btc",
              "eth",
              "trst",
              "usd",
              "BTC",
              "ETH",
              "TRST",
              "USD"
            ],
            "required": false
          }
        ],
        "responses": {
          "200": {
            "description": "Get assets pnl calculated into one currency"
          }
        },
        "tags": [
          "api"
        ],
        "operationId": "getApiV2PeatioAccountStatsPnl"
      }
    },
    "/api/v2/peatio/account/transactions": {
      "get": {
        "description": "Get your transactions history.",
        "produces": [
          "application/json"
        ],
        "parameters": [
          {
            "in": "query",
            "name": "currency",
            "description": "Currency code",
            "type": "string",
            "enum": [
              "btc",
              "eth",
              "trst",
              "usd",
              "BTC",
              "ETH",
              "TRST",
              "USD"
            ],
            "required": false
          },
          {
            "in": "query",
            "name": "order_by",
            "description": "Sorting order",
            "type": "string",
            "default": "desc",
            "enum": [
              "asc",
              "desc"
            ],
            "required": false
          },
          {
            "in": "query",
            "name": "time_from",
            "description": "An integer represents the seconds elapsed since Unix epoch.",
            "type": "integer",
            "format": "int32",
            "required": false
          },
          {
            "in": "query",
            "name": "time_to",
            "description": "An integer represents the seconds elapsed since Unix epoch.",
            "type": "integer",
            "format": "int32",
            "required": false
          },
          {
            "in": "query",
            "name": "deposit_state",
            "description": "Filter deposits by states.",
            "type": "string",
            "required": false
          },
          {
            "in": "query",
            "name": "withdraw_state",
            "description": "Filter withdraws by states.",
            "type": "string",
            "required": false
          },
          {
            "in": "query",
            "name": "txid",
            "description": "Transaction id.",
            "type": "string",
            "required": false
          },
          {
            "in": "query",
            "name": "limit",
            "description": "Limit the number of returned transactions. Default to 100.",
            "type": "integer",
            "format": "int32",
            "default": 100,
            "minimum": 1,
            "maximum": 1000,
            "required": false
          },
          {
            "in": "query",
            "name": "page",
            "description": "Specify the page of paginated results.",
            "type": "integer",
            "format": "int32",
            "default": 1,
            "required": false
          }
        ],
        "responses": {
          "200": {
            "description": "Get your transactions history."
          }
        },
        "tags": [
          "api"
        ],
        "operationId": "getApiV2PeatioAccountTransactions"
      }
    },
    "/api/v2/peatio/account/withdraws": {
      "post": {
        "description": "Creates new withdrawal to active beneficiary.",
        "produces": [
          "application/json"
        ],
        "consumes": [
          "application/json"
        ],
        "parameters": [
          {
            "in": "formData",
            "name": "otp",
            "description": "OTP to perform action",
            "type": "integer",
            "format": "int32",
            "required": true
          },
          {
            "in": "formData",
            "name": "beneficiary_id",
            "description": "ID of Active Beneficiary belonging to user.",
            "type": "integer",
            "format": "int32",
            "required": true
          },
          {
            "in": "formData",
            "name": "currency",
            "description": "The currency code.",
            "type": "string",
            "enum": [
              "btc",
              "eth",
              "trst",
              "usd",
              "BTC",
              "ETH",
              "TRST",
              "USD"
            ],
            "required": true
          },
          {
            "in": "formData",
            "name": "amount",
            "description": "The amount to withdraw.",
            "type": "number",
            "format": "double",
            "required": true
          },
          {
            "in": "formData",
            "name": "note",
            "description": "Optional user metadata to be applied to the transaction. Used to tag transactions with memorable comments.",
            "type": "string",
            "required": false
          }
        ],
        "responses": {
          "201": {
            "description": "Creates new withdrawal to active beneficiary."
          }
        },
        "tags": [
          "api"
        ],
        "operationId": "postApiV2PeatioAccountWithdraws"
      },
      "get": {
        "description": "List your withdraws as paginated collection.",
        "produces": [
          "application/json"
        ],
        "parameters": [
          {
            "in": "query",
            "name": "currency",
            "description": "Currency code.",
            "type": "string",
            "enum": [
              "btc",
              "eth",
              "trst",
              "usd",
              "BTC",
              "ETH",
              "TRST",
              "USD"
            ],
            "required": false
          },
          {
            "in": "query",
            "name": "limit",
            "description": "Number of withdraws per page (defaults to 100, maximum is 100).",
            "type": "integer",
            "format": "int32",
            "default": 100,
            "minimum": 1,
            "maximum": 100,
            "required": false
          },
          {
            "in": "query",
            "name": "state",
            "description": "Filter withdrawals by states.",
            "type": "string",
            "required": false
          },
          {
            "in": "query",
            "name": "rid",
            "description": "Wallet address on the Blockchain.",
            "type": "string",
            "required": false
          },
          {
            "in": "query",
            "name": "page",
            "description": "Page number (defaults to 1).",
            "type": "integer",
            "format": "int32",
            "default": 1,
            "required": false
          }
        ],
        "responses": {
          "200": {
            "description": "List your withdraws as paginated collection.",
            "schema": {
              "type": "array",
              "items": {
                "$ref": "#/definitions/Withdraw"
              }
            }
          }
        },
        "tags": [
          "api"
        ],
        "operationId": "getApiV2PeatioAccountWithdraws"
      }
    },
    "/api/v2/peatio/account/withdraws/sums": {
      "get": {
        "description": "Returns withdrawal sums for last 4 hours and 1 month",
        "produces": [
          "application/json"
        ],
        "responses": {
          "200": {
            "description": "Returns withdrawal sums for last 4 hours and 1 month"
          }
        },
        "tags": [
          "api"
        ],
        "operationId": "getApiV2PeatioAccountWithdrawsSums"
      }
    },
    "/api/v2/peatio/account/beneficiaries/{id}": {
      "delete": {
        "description": "Delete beneficiary",
        "produces": [
          "application/json"
        ],
        "parameters": [
          {
            "in": "path",
            "name": "id",
            "description": "Beneficiary Identifier in Database",
            "type": "integer",
            "format": "int32",
            "required": true
          }
        ],
        "responses": {
          "204": {
            "description": "Delete beneficiary"
          }
        },
        "tags": [
          "api"
        ],
        "operationId": "deleteApiV2PeatioAccountBeneficiariesId"
      },
      "get": {
        "description": "Get beneficiary by ID",
        "produces": [
          "application/json"
        ],
        "parameters": [
          {
            "in": "path",
            "name": "id",
            "description": "Beneficiary Identifier in Database",
            "type": "integer",
            "format": "int32",
            "required": true
          }
        ],
        "responses": {
          "200": {
            "description": "Get beneficiary by ID",
            "schema": {
              "$ref": "#/definitions/Beneficiary"
            }
          }
        },
        "tags": [
          "api"
        ],
        "operationId": "getApiV2PeatioAccountBeneficiariesId"
      }
    },
    "/api/v2/peatio/account/beneficiaries/{id}/activate": {
      "patch": {
        "description": "Activates beneficiary with pin",
        "produces": [
          "application/json"
        ],
        "consumes": [
          "application/json"
        ],
        "parameters": [
          {
            "in": "path",
            "name": "id",
            "description": "Beneficiary Identifier in Database",
            "type": "integer",
            "format": "int32",
            "required": true
          },
          {
            "in": "formData",
            "name": "pin",
            "description": "Pin code for beneficiary activation",
            "type": "integer",
            "format": "int32",
            "required": true
          }
        ],
        "responses": {
          "200": {
            "description": "Activates beneficiary with pin",
            "schema": {
              "$ref": "#/definitions/Beneficiary"
            }
          }
        },
        "tags": [
          "api"
        ],
        "operationId": "patchApiV2PeatioAccountBeneficiariesIdActivate"
      }
    },
    "/api/v2/peatio/account/beneficiaries/{id}/resend_pin": {
      "patch": {
        "description": "Resend beneficiary pin",
        "produces": [
          "application/json"
        ],
        "consumes": [
          "application/json"
        ],
        "parameters": [
          {
            "in": "path",
            "name": "id",
            "description": "Beneficiary Identifier in Database",
            "type": "integer",
            "format": "int32",
            "required": true
          }
        ],
        "responses": {
          "200": {
            "description": "Resend beneficiary pin"
          }
        },
        "tags": [
          "api"
        ],
        "operationId": "patchApiV2PeatioAccountBeneficiariesIdResendPin"
      }
    },
    "/api/v2/peatio/account/beneficiaries": {
      "post": {
        "description": "Create new beneficiary",
        "produces": [
          "application/json"
        ],
        "consumes": [
          "application/json"
        ],
        "parameters": [
          {
            "in": "formData",
            "name": "currency",
            "description": "Beneficiary currency code.",
            "type": "string",
            "enum": [
              "btc",
              "eth",
              "trst",
              "usd",
              "BTC",
              "ETH",
              "TRST",
              "USD"
            ],
            "required": true
          },
          {
            "in": "formData",
            "name": "name",
            "description": "Human rememberable name which refer beneficiary.",
            "type": "string",
            "required": true
          },
          {
            "in": "formData",
            "name": "description",
            "description": "Human rememberable name which refer beneficiary.",
            "type": "string",
            "required": false
          },
          {
            "in": "formData",
            "name": "data",
            "description": "Beneficiary data in JSON format",
            "type": "json",
            "required": true
          }
        ],
        "responses": {
          "201": {
            "description": "Create new beneficiary",
            "schema": {
              "$ref": "#/definitions/Beneficiary"
            }
          }
        },
        "tags": [
          "api"
        ],
        "operationId": "postApiV2PeatioAccountBeneficiaries"
      },
      "get": {
        "description": "Get list of user beneficiaries",
        "produces": [
          "application/json"
        ],
        "parameters": [
          {
            "in": "query",
            "name": "currency",
            "description": "Beneficiary currency code.",
            "type": "string",
            "enum": [
              "btc",
              "eth",
              "trst",
              "usd",
              "BTC",
              "ETH",
              "TRST",
              "USD"
            ],
            "required": false
          },
          {
            "in": "query",
            "name": "state",
            "description": "Defines either beneficiary active - user can use it to withdraw moneyor pending - requires beneficiary activation with pin.",
            "type": "string",
            "enum": [
              "pending",
              "active"
            ],
            "required": false
          }
        ],
        "responses": {
          "200": {
            "description": "Get list of user beneficiaries",
            "schema": {
              "type": "array",
              "items": {
                "$ref": "#/definitions/Beneficiary"
              }
            }
          }
        },
        "tags": [
          "api"
        ],
        "operationId": "getApiV2PeatioAccountBeneficiaries"
      }
    },
    "/api/v2/peatio/account/deposit_address/{currency}": {
      "get": {
        "description": "Returns deposit address for account you want to deposit to by currency. The address may be blank because address generation process is still in progress. If this case you should try again later.",
        "produces": [
          "application/json"
        ],
        "parameters": [
          {
            "in": "path",
            "name": "currency",
            "description": "The account you want to deposit to.",
            "type": "string",
            "enum": [
              "btc",
              "eth",
              "trst",
              "BTC",
              "ETH",
              "TRST"
            ],
            "required": true
          },
          {
            "in": "query",
            "name": "address_format",
            "description": "Address format legacy/cash",
            "type": "string",
            "enum": [
              "legacy",
              "cash"
            ],
            "required": false
          }
        ],
        "responses": {
          "200": {
            "description": "Returns deposit address for account you want to deposit to by currency. The address may be blank because address generation process is still in progress. If this case you should try again later.",
            "schema": {
              "$ref": "#/definitions/Deposit"
            }
          }
        },
        "tags": [
          "api"
        ],
        "operationId": "getApiV2PeatioAccountDepositAddressCurrency"
      }
    },
    "/api/v2/peatio/account/deposits/{txid}": {
      "get": {
        "description": "Get details of specific deposit.",
        "produces": [
          "application/json"
        ],
        "parameters": [
          {
            "in": "path",
            "name": "txid",
            "description": "Deposit transaction id",
            "type": "string",
            "required": true
          }
        ],
        "responses": {
          "200": {
            "description": "Get details of specific deposit.",
            "schema": {
              "$ref": "#/definitions/Deposit"
            }
          }
        },
        "tags": [
          "api"
        ],
        "operationId": "getApiV2PeatioAccountDepositsTxid"
      }
    },
    "/api/v2/peatio/account/deposits": {
      "get": {
        "description": "Get your deposits history.",
        "produces": [
          "application/json"
        ],
        "parameters": [
          {
            "in": "query",
            "name": "currency",
            "description": "Currency code",
            "type": "string",
            "enum": [
              "btc",
              "eth",
              "trst",
              "usd",
              "BTC",
              "ETH",
              "TRST",
              "USD"
            ],
            "required": false
          },
          {
            "in": "query",
            "name": "state",
            "description": "Filter deposits by states.",
            "type": "string",
            "required": false
          },
          {
            "in": "query",
            "name": "txid",
            "description": "Deposit transaction id.",
            "type": "string",
            "required": false
          },
          {
            "in": "query",
            "name": "limit",
            "description": "Number of deposits per page (defaults to 100, maximum is 100).",
            "type": "integer",
            "format": "int32",
            "default": 100,
            "minimum": 1,
            "maximum": 100,
            "required": false
          },
          {
            "in": "query",
            "name": "page",
            "description": "Page number (defaults to 1).",
            "type": "integer",
            "format": "int32",
            "default": 1,
            "required": false
          }
        ],
        "responses": {
          "200": {
            "description": "Get your deposits history.",
            "schema": {
              "type": "array",
              "items": {
                "$ref": "#/definitions/Deposit"
              }
            }
          }
        },
        "tags": [
          "api"
        ],
        "operationId": "getApiV2PeatioAccountDeposits"
      }
    },
    "/api/v2/peatio/account/balances/{currency}": {
      "get": {
        "description": "Get user account by currency",
        "produces": [
          "application/json"
        ],
        "parameters": [
          {
            "in": "path",
            "name": "currency",
            "description": "The currency code.",
            "type": "string",
            "enum": [
              "btc",
              "eth",
              "trst",
              "usd"
            ],
            "required": true
          }
        ],
        "responses": {
          "200": {
            "description": "Get user account by currency",
            "schema": {
              "$ref": "#/definitions/Account"
            }
          }
        },
        "tags": [
          "api"
        ],
        "operationId": "getApiV2PeatioAccountBalancesCurrency"
      }
    },
    "/api/v2/peatio/account/balances": {
      "get": {
        "description": "Get list of user accounts",
        "produces": [
          "application/json"
        ],
        "parameters": [
          {
            "in": "query",
            "name": "limit",
            "description": "Limit the number of returned paginations. Defaults to 100.",
            "type": "integer",
            "format": "int32",
            "default": 100,
            "minimum": 1,
            "maximum": 1000,
            "required": false
          },
          {
            "in": "query",
            "name": "page",
            "description": "Specify the page of paginated results.",
            "type": "integer",
            "format": "int32",
            "default": 1,
            "required": false
          },
          {
            "in": "query",
            "name": "nonzero",
            "description": "Filter non zero balances.",
            "type": "Boolean",
            "required": false
          },
          {
            "in": "query",
            "name": "search",
            "description": "",
            "type": "json",
            "required": false
          },
          {
            "in": "query",
            "name": "search[currency_code]",
            "description": "",
            "type": "string",
            "required": false
          },
          {
            "in": "query",
            "name": "search[currency_name]",
            "description": "",
            "type": "string",
            "required": false
          }
        ],
        "responses": {
          "200": {
            "description": "Get list of user accounts",
            "schema": {
              "type": "array",
              "items": {
                "$ref": "#/definitions/Account"
              }
            }
          }
        },
        "tags": [
          "api"
        ],
        "operationId": "getApiV2PeatioAccountBalances"
      }
    },
    "/api/v2/peatio/market/trades": {
      "get": {
        "description": "Get your executed trades. Trades are sorted in reverse creation order.",
        "produces": [
          "application/json"
        ],
        "parameters": [
          {
            "in": "query",
            "name": "market",
            "description": "",
            "type": "string",
            "required": false
          },
          {
            "in": "query",
            "name": "limit",
            "description": "Limit the number of returned trades. Default to 100.",
            "type": "integer",
            "format": "int32",
            "default": 100,
            "minimum": 1,
            "maximum": 1000,
            "required": false
          },
          {
            "in": "query",
            "name": "page",
            "description": "Specify the page of paginated results.",
            "type": "integer",
            "format": "int32",
            "default": 1,
            "required": false
          },
          {
            "in": "query",
            "name": "time_from",
            "description": "An integer represents the seconds elapsed since Unix epoch.If set, only trades executed after the time will be returned.",
            "type": "integer",
            "format": "int32",
            "required": false
          },
          {
            "in": "query",
            "name": "time_to",
            "description": "An integer represents the seconds elapsed since Unix epoch.If set, only trades executed before the time will be returned.",
            "type": "integer",
            "format": "int32",
            "required": false
          },
          {
            "in": "query",
            "name": "order_by",
            "description": "If set, returned trades will be sorted in specific order, default to 'desc'.",
            "type": "string",
            "default": "desc",
            "enum": [
              "asc",
              "desc"
            ],
            "required": false
          }
        ],
        "responses": {
          "200": {
            "description": "Get your executed trades. Trades are sorted in reverse creation order.",
            "schema": {
              "type": "array",
              "items": {
                "$ref": "#/definitions/Trade"
              }
            }
          }
        },
        "tags": [
          "api"
        ],
        "operationId": "getApiV2PeatioMarketTrades"
      }
    },
    "/api/v2/peatio/market/orders/cancel": {
      "post": {
        "description": "Cancel all my orders.",
        "produces": [
          "application/json"
        ],
        "consumes": [
          "application/json"
        ],
        "parameters": [
          {
            "in": "formData",
            "name": "market",
            "description": "",
            "type": "string",
            "enum": [
              "btcusd",
              "ethbtc",
              "ethusd",
              "trstbtc",
              "trsteth",
              "trstusd"
            ],
            "required": false
          },
          {
            "in": "formData",
            "name": "side",
            "description": "If present, only sell orders (asks) or buy orders (bids) will be canncelled.",
            "type": "string",
            "enum": [
              "sell",
              "buy"
            ],
            "required": false
          }
        ],
        "responses": {
          "201": {
            "description": "Cancel all my orders.",
            "schema": {
              "$ref": "#/definitions/Order"
            }
          }
        },
        "tags": [
          "api"
        ],
        "operationId": "postApiV2PeatioMarketOrdersCancel"
      }
    },
    "/api/v2/peatio/market/orders/{id}/cancel": {
      "post": {
        "description": "Cancel an order.",
        "produces": [
          "application/json"
        ],
        "consumes": [
          "application/json"
        ],
        "parameters": [
          {
            "in": "path",
            "name": "id",
            "description": "",
            "type": "string",
            "required": true
          }
        ],
        "responses": {
          "201": {
            "description": "Cancel an order."
          }
        },
        "tags": [
          "api"
        ],
        "operationId": "postApiV2PeatioMarketOrdersIdCancel"
      }
    },
    "/api/v2/peatio/market/orders": {
      "post": {
        "description": "Create a Sell/Buy order.",
        "produces": [
          "application/json"
        ],
        "consumes": [
          "application/json"
        ],
        "parameters": [
          {
            "in": "formData",
            "name": "market",
            "description": "",
            "type": "string",
            "enum": [
              "btcusd",
              "ethbtc",
              "ethusd",
              "trstbtc",
              "trsteth",
              "trstusd"
            ],
            "required": true
          },
          {
            "in": "formData",
            "name": "side",
            "description": "",
            "type": "string",
            "enum": [
              "sell",
              "buy"
            ],
            "required": true
          },
          {
            "in": "formData",
            "name": "volume",
            "description": "",
            "type": "number",
            "format": "double",
            "required": true
          },
          {
            "in": "formData",
            "name": "ord_type",
            "description": "",
            "type": "string",
            "default": "limit",
            "enum": [
              "market",
              "limit"
            ],
            "required": false
          },
          {
            "in": "formData",
            "name": "price",
            "description": "",
            "type": "number",
            "format": "double",
            "required": true
          }
        ],
        "responses": {
          "201": {
            "description": "Create a Sell/Buy order.",
            "schema": {
              "$ref": "#/definitions/Order"
            }
          }
        },
        "tags": [
          "api"
        ],
        "operationId": "postApiV2PeatioMarketOrders"
      },
      "get": {
        "description": "Get your orders, result is paginated.",
        "produces": [
          "application/json"
        ],
        "parameters": [
          {
            "in": "query",
            "name": "market",
            "description": "",
            "type": "string",
            "required": false
          },
          {
            "in": "query",
            "name": "base_unit",
            "description": "",
            "type": "string",
            "enum": [
              "btc",
              "eth",
              "eth",
              "trst",
              "trst",
              "trst"
            ],
            "required": false
          },
          {
            "in": "query",
            "name": "quote_unit",
            "description": "",
            "type": "string",
            "enum": [
              "usd",
              "btc",
              "usd",
              "btc",
              "eth",
              "usd"
            ],
            "required": false
          },
          {
            "in": "query",
            "name": "state",
            "description": "Filter order by state.",
            "type": "string",
            "required": false
          },
          {
            "in": "query",
            "name": "limit",
            "description": "Limit the number of returned orders, default to 100.",
            "type": "integer",
            "format": "int32",
            "default": 100,
            "minimum": 0,
            "maximum": 1000,
            "required": false
          },
          {
            "in": "query",
            "name": "page",
            "description": "Specify the page of paginated results.",
            "type": "integer",
            "format": "int32",
            "default": 1,
            "required": false
          },
          {
            "in": "query",
            "name": "order_by",
            "description": "If set, returned orders will be sorted in specific order, default to \"desc\".",
            "type": "string",
            "default": "desc",
            "enum": [
              "asc",
              "desc"
            ],
            "required": false
          },
          {
            "in": "query",
            "name": "ord_type",
            "description": "Filter order by ord_type.",
            "type": "string",
            "enum": [
              "market",
              "limit"
            ],
            "required": false
          },
          {
            "in": "query",
            "name": "type",
            "description": "Filter order by type.",
            "type": "string",
            "enum": [
              "buy",
              "sell"
            ],
            "required": false
          },
          {
            "in": "query",
            "name": "time_from",
            "description": "An integer represents the seconds elapsed since Unix epoch.If set, only orders created after the time will be returned.",
            "type": "integer",
            "format": "int32",
            "required": false
          },
          {
            "in": "query",
            "name": "time_to",
            "description": "An integer represents the seconds elapsed since Unix epoch.If set, only orders created before the time will be returned.",
            "type": "integer",
            "format": "int32",
            "required": false
          }
        ],
        "responses": {
          "200": {
            "description": "Get your orders, result is paginated.",
            "schema": {
              "type": "array",
              "items": {
                "$ref": "#/definitions/Order"
              }
            }
          }
        },
        "tags": [
          "api"
        ],
        "operationId": "getApiV2PeatioMarketOrders"
      }
    },
    "/api/v2/peatio/market/orders/{id}": {
      "get": {
        "description": "Get information of specified order.",
        "produces": [
          "application/json"
        ],
        "parameters": [
          {
            "in": "path",
            "name": "id",
            "description": "",
            "type": "string",
            "required": true
          }
        ],
        "responses": {
          "200": {
            "description": "Get information of specified order.",
            "schema": {
              "$ref": "#/definitions/Order"
            }
          }
        },
        "tags": [
          "api"
        ],
        "operationId": "getApiV2PeatioMarketOrdersId"
      }
    },
    "/api/v2/peatio/coinmarketcap/orderbook/{market_pair}": {
      "get": {
        "description": "Get depth or specified market",
        "produces": [
          "application/json"
        ],
        "parameters": [
          {
            "in": "path",
            "name": "market_pair",
            "description": "A pair such as \"LTC_BTC\"",
            "type": "string",
            "required": true
          },
          {
            "in": "query",
            "name": "depth",
            "description": "Orders depth quantity: [0,5,10,20,50,100,500]",
            "type": "integer",
            "format": "int32",
            "minimum": 0,
            "maximum": 500,
            "required": false
          }
        ],
        "responses": {
          "200": {
            "description": "Get depth or specified market"
          }
        },
        "tags": [
          "api"
        ],
        "operationId": "getApiV2PeatioCoinmarketcapOrderbookMarketPair"
      }
    },
    "/api/v2/peatio/coinmarketcap/trades/{market_pair}": {
      "get": {
        "description": "Get recent trades on market",
        "produces": [
          "application/json"
        ],
        "parameters": [
          {
            "in": "path",
            "name": "market_pair",
            "description": "A pair such as \"LTC_BTC\"",
            "type": "string",
            "required": true
          }
        ],
        "responses": {
          "200": {
            "description": "Get recent trades on market",
            "schema": {
              "$ref": "#/definitions/Trade"
            }
          }
        },
        "tags": [
          "api"
        ],
        "operationId": "getApiV2PeatioCoinmarketcapTradesMarketPair"
      }
    },
    "/api/v2/peatio/coinmarketcap/ticker": {
      "get": {
        "description": "Get 24-hour pricing and volume summary for each market pair",
        "produces": [
          "application/json"
        ],
        "responses": {
          "200": {
            "description": "Get 24-hour pricing and volume summary for each market pair",
            "schema": {
              "$ref": "#/definitions/Ticker"
            }
          }
        },
        "tags": [
          "api"
        ],
        "operationId": "getApiV2PeatioCoinmarketcapTicker"
      }
    },
    "/api/v2/peatio/coinmarketcap/assets": {
      "get": {
        "description": "Details on crypto currencies available on the exchange",
        "produces": [
          "application/json"
        ],
        "responses": {
          "200": {
            "description": "Details on crypto currencies available on the exchange"
          }
        },
        "tags": [
          "api"
        ],
        "operationId": "getApiV2PeatioCoinmarketcapAssets"
      }
    },
    "/api/v2/peatio/coinmarketcap/summary": {
      "get": {
        "description": "Overview of market data for all tickers and all market pairs on the exchange",
        "produces": [
          "application/json"
        ],
        "responses": {
          "200": {
            "description": "Overview of market data for all tickers and all market pairs on the exchange"
          }
        },
        "tags": [
          "api"
        ],
        "operationId": "getApiV2PeatioCoinmarketcapSummary"
      }
    },
    "/api/v2/peatio/coingecko/historical_trades": {
      "get": {
        "description": "Get recent trades on market",
        "produces": [
          "application/json"
        ],
        "parameters": [
          {
            "in": "query",
            "name": "ticker_id",
            "description": "A pair such as \"LTC_BTC\"",
            "type": "string",
            "required": true
          },
          {
            "in": "query",
            "name": "type",
            "description": "To indicate nature of trade - buy/sell",
            "type": "string",
            "enum": [
              "buy",
              "sell"
            ],
            "required": false
          },
          {
            "in": "query",
            "name": "limit",
            "description": "Number of historical trades to retrieve from time of query. [0, 200, 500...]. 0 returns full history",
            "type": "integer",
            "format": "int32",
            "minimum": 0,
            "maximum": 1000,
            "required": false
          },
          {
            "in": "query",
            "name": "start_time",
            "description": "",
            "type": "integer",
            "format": "int32",
            "required": false
          },
          {
            "in": "query",
            "name": "end_time",
            "description": "",
            "type": "integer",
            "format": "int32",
            "required": false
          }
        ],
        "responses": {
          "200": {
            "description": "Get recent trades on market"
          }
        },
        "tags": [
          "api"
        ],
        "operationId": "getApiV2PeatioCoingeckoHistoricalTrades"
      }
    },
    "/api/v2/peatio/coingecko/orderbook": {
      "get": {
        "description": "Get depth or specified market",
        "produces": [
          "application/json"
        ],
        "parameters": [
          {
            "in": "query",
            "name": "ticker_id",
            "description": "A pair such as \"LTC_BTC\"",
            "type": "string",
            "required": true
          },
          {
            "in": "query",
            "name": "depth",
            "description": "Orders depth quantity: [0, 100, 200, 500...]",
            "type": "integer",
            "format": "int32",
            "minimum": 0,
            "maximum": 1000,
            "required": false
          }
        ],
        "responses": {
          "200": {
            "description": "Get depth or specified market"
          }
        },
        "tags": [
          "api"
        ],
        "operationId": "getApiV2PeatioCoingeckoOrderbook"
      }
    },
    "/api/v2/peatio/coingecko/tickers": {
      "get": {
        "description": "Get list of all available trading pairs",
        "produces": [
          "application/json"
        ],
        "responses": {
          "200": {
            "description": "Get list of all available trading pairs",
            "schema": {
              "$ref": "#/definitions/Ticker"
            }
          }
        },
        "tags": [
          "api"
        ],
        "operationId": "getApiV2PeatioCoingeckoTickers"
      }
    },
    "/api/v2/peatio/coingecko/pairs": {
      "get": {
        "description": "Get list of all available trading pairs",
        "produces": [
          "application/json"
        ],
        "responses": {
          "200": {
            "description": "Get list of all available trading pairs"
          }
        },
        "tags": [
          "api"
        ],
        "operationId": "getApiV2PeatioCoingeckoPairs"
      }
    }
  },
  "definitions": {
    "WithdrawLimit": {
      "type": "object",
      "properties": {
        "id": {
          "type": "integer",
          "format": "int32",
          "description": "Unique withdraw limit table identifier in database."
        },
        "group": {
          "type": "string",
          "description": "Member group for define withdraw limits."
        },
        "kyc_level": {
          "type": "string",
          "description": "KYC level for define withdraw limits."
        },
        "limit_24_hour": {
          "type": "number",
          "format": "double",
          "description": "24 hours withdraw limit."
        },
        "limit_1_month": {
          "type": "number",
          "format": "double",
          "description": "1 month withdraw limit."
        },
        "created_at": {
          "type": "string",
          "description": "Withdraw limit table created time in iso8601 format."
        },
        "updated_at": {
          "type": "string",
          "description": "Withdraw limit table updated time in iso8601 format."
        }
      },
      "description": "Returns withdraw limits table as paginated collection"
    },
    "TradingFee": {
      "type": "object",
      "properties": {
        "id": {
          "type": "integer",
          "format": "int32",
          "description": "Unique trading fee table identifier in database."
        },
        "group": {
          "type": "string",
          "description": "Member group for define maker/taker fee."
        },
        "market_id": {
          "type": "string",
          "description": "Market id for define maker/taker fee."
        },
        "maker": {
          "type": "number",
          "format": "double",
          "description": "Market maker fee."
        },
        "taker": {
          "type": "number",
          "format": "double",
          "description": "Market taker fee."
        },
        "created_at": {
          "type": "string",
          "description": "Trading fee table created time in iso8601 format."
        },
        "updated_at": {
          "type": "string",
          "description": "Trading fee table updated time in iso8601 format."
        }
      },
      "description": "Returns trading_fees table as paginated collection"
    },
    "Ticker": {
      "type": "object",
      "properties": {
        "at": {
          "type": "integer",
          "format": "int32",
          "description": "Timestamp of ticker"
        },
        "ticker": {
          "$ref": "#/definitions/TickerEntry",
          "description": "Ticker entry for specified time"
        }
      },
      "description": "Get list of all available trading pairs"
    },
    "TickerEntry": {
      "type": "object",
      "properties": {
        "low": {
          "type": "number",
          "format": "double",
          "description": "The lowest trade price during last 24 hours (0.0 if no trades executed during last 24 hours)"
        },
        "high": {
          "type": "number",
          "format": "double",
          "description": "The highest trade price during last 24 hours (0.0 if no trades executed during last 24 hours)"
        },
        "open": {
          "type": "number",
          "format": "double",
          "description": "Price of the first trade executed 24 hours ago or less"
        },
        "last": {
          "type": "number",
          "format": "double",
          "description": "The last executed trade price"
        },
        "volume": {
          "type": "number",
          "format": "double",
          "description": "Total volume of trades executed during last 24 hours"
        },
        "amount": {
          "type": "number",
          "format": "double",
          "description": "Total amount of trades executed during last 24 hours"
        },
        "vol": {
          "type": "number",
          "format": "double",
          "description": "Alias to volume"
        },
        "avg_price": {
          "type": "number",
          "format": "double",
          "description": "Average price more precisely VWAP is calculated by adding up the total traded for every transaction(price multiplied by the number of shares traded) and then dividing by the total shares traded"
        },
        "price_change_percent": {
          "type": "string",
          "description": "Price change in the next format +3.19%.Price change is calculated using next formula (last - open) / open * 100%"
        },
        "at": {
          "type": "integer",
          "format": "int32",
          "description": "Timestamp of ticker"
        }
      }
    },
    "Trade": {
      "type": "object",
      "properties": {
        "id": {
          "type": "string",
          "description": "Trade ID."
        },
        "price": {
          "type": "number",
          "format": "double",
          "description": "Trade price."
        },
        "amount": {
          "type": "number",
          "format": "double",
          "description": "Trade amount."
        },
        "total": {
          "type": "number",
          "format": "double",
          "description": "Trade total (Amount * Price)."
        },
        "fee_currency": {
          "type": "number",
          "format": "double",
          "description": "Currency user's fees were charged in."
        },
        "fee": {
          "type": "number",
          "format": "double",
          "description": "Percentage of fee user was charged for performed trade."
        },
        "fee_amount": {
          "type": "number",
          "format": "double",
          "description": "Amount of fee user was charged for performed trade."
        },
        "market": {
          "type": "string",
          "description": "Trade market id."
        },
        "created_at": {
          "type": "string",
          "description": "Trade create time in iso8601 format."
        },
        "taker_type": {
          "type": "string",
          "description": "Trade taker order type (sell or buy)."
        },
        "side": {
          "type": "string",
          "description": "Trade side."
        },
        "order_id": {
          "type": "integer",
          "format": "int32",
          "description": "Order id."
        }
      },
      "description": "Get recent trades on market"
    },
    "OrderBook": {
      "type": "object",
      "properties": {
        "asks": {
          "type": "array",
          "items": {
            "$ref": "#/definitions/Order"
          },
          "description": "Asks in orderbook"
        },
        "bids": {
          "type": "array",
          "items": {
            "$ref": "#/definitions/Order"
          },
          "description": "Bids in orderbook"
        }
      },
      "description": "Get the order book of specified market."
    },
    "Order": {
      "type": "object",
      "properties": {
        "id": {
          "type": "integer",
          "format": "int32",
          "description": "Unique order id."
        },
        "uuid": {
          "type": "string",
          "description": "Unique order UUID."
        },
        "side": {
          "type": "string",
          "description": "Either 'sell' or 'buy'."
        },
        "ord_type": {
          "type": "string",
          "description": "Type of order, either 'limit' or 'market'."
        },
        "price": {
          "type": "number",
          "format": "double",
          "description": "Price for each unit. e.g.If you want to sell/buy 1 btc at 3000 usd, the price is '3000.0'"
        },
        "avg_price": {
          "type": "number",
          "format": "double",
          "description": "Average execution price, average of price in trades."
        },
        "state": {
          "type": "string",
          "description": "One of 'wait', 'done', or 'cancel'.An order in 'wait' is an active order, waiting fulfillment;a 'done' order is an order fulfilled;'cancel' means the order has been canceled."
        },
        "market": {
          "type": "string",
          "description": "The market in which the order is placed, e.g. 'btcusd'.All available markets can be found at /api/v2/markets."
        },
        "created_at": {
          "type": "string",
          "description": "Order create time in iso8601 format."
        },
        "updated_at": {
          "type": "string",
          "description": "Order updated time in iso8601 format."
        },
        "origin_volume": {
          "type": "number",
          "format": "double",
          "description": "The amount user want to sell/buy.An order could be partially executed,e.g. an order sell 5 btc can be matched with a buy 3 btc order,left 2 btc to be sold; in this case the order's volume would be '5.0',its remaining_volume would be '2.0', its executed volume is '3.0'."
        },
        "remaining_volume": {
          "type": "number",
          "format": "double",
          "description": "The remaining volume, see 'volume'."
        },
        "executed_volume": {
          "type": "number",
          "format": "double",
          "description": "The executed volume, see 'volume'."
        },
        "maker_fee": {
          "type": "number",
          "format": "double",
          "description": "Fee for maker."
        },
        "taker_fee": {
          "type": "number",
          "format": "double",
          "description": "Fee for taker."
        },
        "trades_count": {
          "type": "integer",
          "format": "int32",
          "description": "Count of trades."
        },
        "trades": {
          "type": "array",
          "items": {
            "$ref": "#/definitions/Trade"
          },
          "description": "Trades wiht this order."
        }
      },
      "description": "Get your orders, result is paginated."
    },
    "Market": {
      "type": "object",
      "properties": {
        "id": {
          "type": "string",
          "description": "Unique market id. It's always in the form of xxxyyy,where xxx is the base currency code, yyy is the quotecurrency code, e.g. 'btcusd'. All available markets canbe found at /api/v2/markets."
        },
        "name": {
          "type": "string",
          "description": "Market name."
        },
        "base_unit": {
          "type": "string",
          "description": "Market Base unit."
        },
        "quote_unit": {
          "type": "string",
          "description": "Market Quote unit."
        },
        "min_price": {
          "type": "number",
          "format": "double",
          "description": "Minimum order price."
        },
        "max_price": {
          "type": "number",
          "format": "double",
          "description": "Maximum order price."
        },
        "min_amount": {
          "type": "number",
          "format": "double",
          "description": "Minimum order amount."
        },
        "amount_precision": {
          "type": "number",
          "format": "double",
          "description": "Precision for order amount."
        },
        "price_precision": {
          "type": "number",
          "format": "double",
          "description": "Precision for order price."
        },
        "state": {
          "type": "string",
          "description": "Market state defines if user can see/trade on current market."
        }
      },
      "description": "Get all available markets."
    },
    "Currency": {
      "type": "object",
      "properties": {
        "id": {
          "type": "string",
          "example": "btc",
          "description": "Currency code."
        },
        "name": {
          "type": "string",
          "example": "Bitcoin",
          "description": "Currency name"
        },
        "description": {
          "type": "string",
          "example": "btc",
          "description": "Currency description"
        },
        "homepage": {
          "type": "string",
          "example": "btc",
          "description": "Currency homepage"
        },
        "price": {
          "type": "string",
          "description": "Currency current price"
        },
        "explorer_transaction": {
          "type": "string",
          "example": "https://testnet.blockchain.info/tx/",
          "description": "Currency transaction exprorer url template"
        },
        "explorer_address": {
          "type": "string",
          "example": "https://testnet.blockchain.info/address/",
          "description": "Currency address exprorer url template"
        },
        "type": {
          "type": "string",
          "example": "coin",
          "description": "Currency type"
        },
        "deposit_enabled": {
          "type": "string",
          "description": "Currency deposit possibility status (true/false)."
        },
        "withdrawal_enabled": {
          "type": "string",
          "description": "Currency withdrawal possibility status (true/false)."
        },
        "deposit_fee": {
          "type": "string",
          "example": "0.0",
          "description": "Currency deposit fee"
        },
        "min_deposit_amount": {
          "type": "string",
          "example": "0.0000356",
          "description": "Minimal deposit amount"
        },
        "withdraw_fee": {
          "type": "string",
          "example": "0.0",
          "description": "Currency withdraw fee"
        },
        "min_withdraw_amount": {
          "type": "string",
          "example": "0.0",
          "description": "Minimal withdraw amount"
        },
        "withdraw_limit_24h": {
          "type": "string",
          "example": "0.1",
          "description": "Currency 24h withdraw limit"
        },
        "withdraw_limit_72h": {
          "type": "string",
          "example": "0.2",
          "description": "Currency 72h withdraw limit"
        },
        "base_factor": {
          "type": "string",
          "example": 100000000,
          "description": "Currency base factor"
        },
        "precision": {
          "type": "string",
          "example": 8,
          "description": "Currency precision"
        },
        "position": {
          "type": "string",
          "example": 8,
          "description": "Position used for defining currencies order"
        },
        "icon_url": {
          "type": "string",
          "example": "https://upload.wikimedia.org/wikipedia/commons/0/05/Ethereum_logo_2014.svg",
          "description": "Currency icon"
        },
        "min_confirmations": {
          "type": "string",
          "description": "Number of confirmations required for confirming deposit or withdrawal"
        }
      },
      "description": "Get a currency"
    },
    "Withdraw": {
      "type": "object",
      "properties": {
        "id": {
          "type": "integer",
          "format": "int32",
          "description": "The withdrawal id."
        },
        "currency": {
          "type": "string",
          "description": "The currency code."
        },
        "type": {
          "type": "string",
          "description": "The withdrawal type"
        },
        "amount": {
          "type": "string",
          "description": "The withdrawal amount"
        },
        "fee": {
          "type": "number",
          "format": "double",
          "description": "The exchange fee."
        },
        "blockchain_txid": {
          "type": "string",
          "description": "The withdrawal transaction id."
        },
        "rid": {
          "type": "string",
          "description": "The beneficiary ID or wallet address on the Blockchain."
        },
        "state": {
          "type": "string",
          "description": "The withdrawal state."
        },
        "confirmations": {
          "type": "integer",
          "format": "int32",
          "description": "Number of confirmations."
        },
        "note": {
          "type": "string",
          "description": "Withdraw note."
        },
        "transfer_type": {
          "type": "string",
          "description": "Withdraw transfer type"
        },
        "created_at": {
          "type": "string",
          "description": "The datetimes for the withdrawal."
        },
        "updated_at": {
          "type": "string",
          "description": "The datetimes for the withdrawal."
        },
        "done_at": {
          "type": "string",
          "description": "The datetime when withdraw was completed"
        }
      },
      "description": "List your withdraws as paginated collection."
    },
    "Beneficiary": {
      "type": "object",
      "properties": {
        "id": {
          "type": "integer",
          "format": "int32",
          "description": "Beneficiary Identifier in Database"
        },
        "currency": {
          "type": "string",
          "description": "Beneficiary currency code."
        },
        "uid": {
          "type": "string",
          "description": "Beneficiary owner"
        },
        "name": {
          "type": "string",
          "description": "Human rememberable name which refer beneficiary."
        },
        "description": {
          "type": "string",
          "description": "Human rememberable description of beneficiary."
        },
        "data": {
          "type": "json",
          "description": "Bank Account details for fiat Beneficiary in JSON format.For crypto it's blockchain address."
        },
        "state": {
          "type": "string",
          "description": "Defines either beneficiary active - user can use it to withdraw moneyor pending - requires beneficiary activation with pin."
        },
        "sent_at": {
          "type": "string",
          "description": "Time when last pin was sent"
        }
      },
      "description": "Get list of user beneficiaries"
    },
    "Deposit": {
      "type": "object",
      "properties": {
        "id": {
          "type": "integer",
          "format": "int32",
          "description": "Unique deposit id."
        },
        "currency": {
          "type": "string",
          "description": "Deposit currency id."
        },
        "amount": {
          "type": "number",
          "format": "double",
          "description": "Deposit amount."
        },
        "fee": {
          "type": "number",
          "format": "double",
          "description": "Deposit fee."
        },
        "txid": {
          "type": "string",
          "description": "Deposit transaction id."
        },
        "confirmations": {
          "type": "integer",
          "format": "int32",
          "description": "Number of deposit confirmations."
        },
        "state": {
          "type": "string",
          "description": "Deposit state."
        },
        "transfer_type": {
          "type": "string",
          "description": "Deposit transfer type"
        },
        "created_at": {
          "type": "string",
          "description": "The datetime when deposit was created."
        },
        "completed_at": {
          "type": "string",
          "description": "The datetime when deposit was completed.."
        },
        "tid": {
          "type": "string",
          "description": "The shared transaction ID"
        }
      },
      "description": "Get your deposits history."
    },
    "Account": {
      "type": "object",
      "properties": {
        "currency": {
          "type": "string",
          "description": "Currency code."
        },
        "balance": {
          "type": "number",
          "format": "double",
          "description": "Account balance."
        },
        "locked": {
          "type": "number",
          "format": "double",
          "description": "Account locked funds."
        }
      },
      "description": "Get list of user accounts"
    },
    "Transactions": {
      "type": "object",
      "properties": {
        "address": {
          "type": "string",
          "description": "Recipient address of transaction."
        },
        "currency": {
          "type": "string",
          "description": "Transaction currency id."
        },
        "amount": {
          "type": "number",
          "format": "double",
          "description": "Transaction amount."
        },
        "fee": {
          "type": "number",
          "format": "double",
          "description": "Transaction fee."
        },
        "txid": {
          "type": "string",
          "description": "Transaction id."
        },
        "state": {
          "type": "string",
          "description": "Transaction state."
        },
        "note": {
          "type": "string",
          "description": "Withdraw note."
        },
        "confirmations": {
          "type": "integer",
          "format": "int32",
          "description": "Number of confirmations."
        },
        "created_at": {
          "type": "string",
          "description": "Transaction created time in iso8601 format."
        },
        "updated_at": {
          "type": "string",
          "description": "Transaction updated time in iso8601 format."
        },
        "type": {
          "type": "string",
          "description": "Type of transaction"
        }
      }
    },
    "Member": {
      "type": "object",
      "properties": {
        "uid": {
          "type": "string",
          "description": "Member UID."
        },
        "email": {
          "type": "string",
          "description": "Member email."
        },
        "accounts": {
          "type": "array",
          "items": {
            "$ref": "#/definitions/Account"
          },
          "description": "Member accounts."
        }
      }
    }
  }
}
